Name,Student ID,Email,School,Gender,GPA,Address
Lisa Jones,67795,67795@nopoly.sg,SOH,F,3.4,Blk. 221 Yishun Rd. #14-16
Trent Rios,66861,66861@nopoly.sg,SHL,M,2.63,Blk. 631 Jurong Ave. #13-30
Evi Rios,72649,72649@nopoly.sg,SEG,F,1.04,Blk. 147 Woodlands Ave. #10-77
Ivy May,64310,64310@nopoly.sg,SEG,F,1.7,Blk. 358 Woodlands St. #02-99
John Iskandar,88657,88657@nopoly.sg,SHL,M,3.75,Blk. 251 Admiralty St. #13-39
Greg Abdul,87136,87136@nopoly.sg,SHL,M,1.16,Blk. 800 Admiralty Rd. #05-40
Valerie Rios,61892,61892@nopoly.sg,SIT,F,3.71,Blk. 452 Yishun Ave. #07-96
Theodore Zulkarnaen,81324,81324@nopoly.sg,SIT,M,0.9,Blk. 122 Admiralty Rd. #12-40
Madison Yang,80258,80258@nopoly.sg,SOH,F,1.24,Blk. 396 Tampines Ave. #15-86
Taufiq Abdul,81615,81615@nopoly.sg,SEG,M,2.42,Blk. 942 Admiralty Rd. #01-97
Ronald Taylor,77029,77029@nopoly.sg,SIT,M,3.93,Blk. 501 Yishun St. #05-84
Anna Smith,80781,80781@nopoly.sg,SEG,F,0.01,Blk. 689 Marsiling Ave. #10-86
Stephen Taylor,61822,61822@nopoly.sg,SOH,M,1.52,Blk. 317 Yishun Rd. #16-58
Jacob Yang,87383,87383@nopoly.sg,SEG,M,0.04,Blk. 430 Admiralty St. #08-56
Otis Carpenter,67654,67654@nopoly.sg,SEG,M,1.12,Blk. 246 Tampines St. #13-33
Madison Rios,86862,86862@nopoly.sg,SEG,F,0.19,Blk. 179 Admiralty Rd. #02-28
Ivy Yang,64982,64982@nopoly.sg,SOH,F,3.72,Blk. 239 Ang Mo Kio Rd. #10-62
Paul Akbar,88742,88742@nopoly.sg,SOH,M,2.69,Blk. 556 Sembawang Rd. #12-44
Peter Lin,70406,70406@nopoly.sg,SEG,M,0.34,Blk. 481 Ang Mo Kio Rd. #09-72
George Lim,63549,63549@nopoly.sg,SOH,M,0.84,Blk. 370 Admiralty St. #10-42
Josephine Obama,77651,77651@nopoly.sg,SHL,F,1.44,Blk. 720 Marsiling St. #01-26
Ike Perez,69733,69733@nopoly.sg,SHL,M,3.44,Blk. 840 Woodlands Ave. #11-26
Isabel Abdul,77525,77525@nopoly.sg,STA,F,2.03,Blk. 523 Jurong Ave. #14-87
Anna Perez,69654,69654@nopoly.sg,SOH,F,1.56,Blk. 926 Yishun Rd. #14-30
Bob Akbar,72705,72705@nopoly.sg,SEG,M,2.56,Blk. 390 Marsiling Rd. #13-44
Ivy Taylor,74220,74220@nopoly.sg,SHL,F,0.5,Blk. 343 Marsiling Rd. #15-41
William May,72332,72332@nopoly.sg,SIT,M,3.39,Blk. 782 Tampines Rd. #04-90
Valentino Perez,80765,80765@nopoly.sg,SEG,M,1.31,Blk. 828 Sembawang Ave. #15-21
Jolene Tay,74195,74195@nopoly.sg,SHL,F,1.9,Blk. 683 Sembawang Ave. #14-42
Helen Lim,64541,64541@nopoly.sg,SOH,F,1.98,Blk. 110 Ang Mo Kio Ave. #02-10
Ivy Miller,70410,70410@nopoly.sg,SIT,F,3.94,Blk. 314 Marsiling Ave. #03-38
Salim Yang,69714,69714@nopoly.sg,STA,M,0.7,Blk. 989 Admiralty St. #09-90
Otis Miller,66922,66922@nopoly.sg,SEG,M,3.6,Blk. 983 Admiralty Ave. #01-10
Salim Carpenter,88604,88604@nopoly.sg,STA,M,1.92,Blk. 815 Ang Mo Kio Rd. #06-59
Peter Tan,79748,79748@nopoly.sg,SHL,M,0.45,Blk. 494 Tampines Rd. #05-61
Quentin Obama,77480,77480@nopoly.sg,SEG,M,3.89,Blk. 356 Woodlands Rd. #16-90
Louis Taylor,77438,77438@nopoly.sg,SIT,M,2.17,Blk. 725 Yishun St. #06-14
Bob Taylor,64430,64430@nopoly.sg,SHL,M,2.64,Blk. 948 Marsiling Ave. #15-79
William Akbar,89063,89063@nopoly.sg,SOH,M,1.62,Blk. 680 Admiralty Rd. #12-22
Ronald Rios,83848,83848@nopoly.sg,STA,M,3.29,Blk. 258 Jurong Ave. #14-90
Fatimah John,64272,64272@nopoly.sg,STA,F,0.73,Blk. 989 Jurong St. #02-26
Charles Jones,87927,87927@nopoly.sg,STA,M,0.61,Blk. 413 Ang Mo Kio St. #14-10
George Tay,80872,80872@nopoly.sg,SEG,M,1.5,Blk. 444 Marsiling St. #07-88
Valentine Jones,66097,66097@nopoly.sg,SEG,F,0.2,Blk. 567 Sembawang Ave. #02-20
Quentin Lim,88547,88547@nopoly.sg,SOH,M,2.86,Blk. 603 Jurong Ave. #16-59
Peter Rios,62973,62973@nopoly.sg,SHL,M,2.98,Blk. 650 Yishun Ave. #09-87
Greg May,63714,63714@nopoly.sg,STA,M,0.95,Blk. 252 Tampines St. #01-75
Melinda Smith,76360,76360@nopoly.sg,SHL,F,3.34,Blk. 263 Tampines Rd. #02-75
Siti Tan,69838,69838@nopoly.sg,SOH,F,0.27,Blk. 590 Yishun Ave. #14-17
Ivy Neo,71599,71599@nopoly.sg,SOH,F,0.5,Blk. 667 Tampines Ave. #14-33
Siti Rios,77138,77138@nopoly.sg,SOH,F,2.75,Blk. 792 Ang Mo Kio St. #09-43
Stephanie Carpenter,85156,85156@nopoly.sg,SIT,F,0.5,Blk. 939 Yishun Ave. #06-37
Peter Rios,76420,76420@nopoly.sg,SEG,M,1.05,Blk. 796 Yishun Ave. #03-63
Salim Zulkarnaen,62897,62897@nopoly.sg,STA,M,1.93,Blk. 840 Ang Mo Kio Ave. #02-64
Lisa Tay,78026,78026@nopoly.sg,SEG,F,1.85,Blk. 922 Tampines Rd. #06-55
Britney Suleiman,61414,61414@nopoly.sg,SIT,F,2.52,Blk. 696 Yishun Rd. #10-85
Nathan Lim,76318,76318@nopoly.sg,STA,M,2.52,Blk. 151 Marsiling Ave. #06-88
Jolene Tay,65228,65228@nopoly.sg,SOH,F,1.32,Blk. 895 Woodlands Rd. #03-77
Theodore Carpenter,68533,68533@nopoly.sg,SHL,M,1.7,Blk. 744 Woodlands Rd. #03-86
Eva Perez,68019,68019@nopoly.sg,SEG,F,1.68,Blk. 648 Jurong Rd. #15-32
Sylvia Miller,62356,62356@nopoly.sg,SIT,F,1.51,Blk. 819 Woodlands St. #04-82
Bob Gonzales,72001,72001@nopoly.sg,STA,M,0.55,Blk. 285 Woodlands St. #01-42
Ray Obama,76641,76641@nopoly.sg,SOH,M,2.94,Blk. 390 Woodlands St. #09-24
George Lim,81494,81494@nopoly.sg,SEG,M,3.06,Blk. 176 Ang Mo Kio Ave. #03-87
Isabel May,77189,77189@nopoly.sg,SOH,F,3.84,Blk. 435 Admiralty St. #03-68
Otis Obama,65439,65439@nopoly.sg,SOH,M,1.76,Blk. 450 Admiralty Ave. #16-99
Greg Yang,83605,83605@nopoly.sg,SIT,M,3.31,Blk. 689 Woodlands Ave. #07-57
Siti Jones,86858,86858@nopoly.sg,SIT,F,1.13,Blk. 243 Yishun Ave. #02-85
Steven Suleiman,61610,61610@nopoly.sg,SHL,M,2.91,Blk. 258 Admiralty St. #09-44
Quentin Suleiman,82450,82450@nopoly.sg,SIT,M,2.52,Blk. 913 Jurong St. #14-49
Charles Carpenter,62820,62820@nopoly.sg,SIT,M,0.12,Blk. 569 Tampines Rd. #05-11
Sylvia Lin,75776,75776@nopoly.sg,STA,F,0.37,Blk. 284 Marsiling Rd. #08-74
Lisa Gonzales,66099,66099@nopoly.sg,SIT,F,3.48,Blk. 352 Admiralty St. #06-30
Stephanie Lin,79145,79145@nopoly.sg,SIT,F,3.65,Blk. 864 Woodlands St. #04-29
Evi Perez,76839,76839@nopoly.sg,SOH,F,3.29,Blk. 711 Yishun Ave. #03-50
Charles Tan,64288,64288@nopoly.sg,SOH,M,1.76,Blk. 774 Admiralty Ave. #03-60
Valentine Tay,75745,75745@nopoly.sg,SHL,F,3,Blk. 341 Marsiling St. #11-22
Ray Tay,65381,65381@nopoly.sg,SHL,M,2.36,Blk. 912 Ang Mo Kio St. #04-22
Eva Perez,65128,65128@nopoly.sg,STA,F,3.43,Blk. 585 Admiralty St. #14-66
Stephen May,67930,67930@nopoly.sg,STA,M,0.09,Blk. 605 Jurong St. #05-36
Valerie Yang,70381,70381@nopoly.sg,SEG,F,3.55,Blk. 474 Woodlands Rd. #09-55
Linda Suleiman,69283,69283@nopoly.sg,STA,F,2.39,Blk. 942 Ang Mo Kio Ave. #11-31
Mary Taylor,75987,75987@nopoly.sg,SIT,F,1.04,Blk. 996 Ang Mo Kio St. #11-14
Siti John,65584,65584@nopoly.sg,SOH,F,2.9,Blk. 957 Woodlands Ave. #06-76
Stephanie Suleiman,74439,74439@nopoly.sg,SIT,F,1.5,Blk. 322 Ang Mo Kio Rd. #15-44
Lisa Neo,67232,67232@nopoly.sg,SIT,F,2.42,Blk. 874 Ang Mo Kio Rd. #02-30
Steven Obama,66730,66730@nopoly.sg,SIT,M,0.29,Blk. 477 Sembawang St. #06-59
Fatimah Yang,70801,70801@nopoly.sg,STA,F,3.39,Blk. 460 Tampines Ave. #14-67
Valentine Yang,85900,85900@nopoly.sg,SIT,F,0.65,Blk. 354 Woodlands Ave. #13-82
Paul Tan,89466,89466@nopoly.sg,SHL,M,0.41,Blk. 236 Sembawang St. #11-45
Greg Miller,66476,66476@nopoly.sg,SHL,M,0.54,Blk. 475 Jurong St. #06-71
Ronald Perez,70981,70981@nopoly.sg,SIT,M,3.16,Blk. 937 Marsiling Rd. #09-47
William Miller,87755,87755@nopoly.sg,SOH,M,3.58,Blk. 565 Ang Mo Kio St. #14-11
Stephanie Zulkarnaen,87227,87227@nopoly.sg,STA,F,2.57,Blk. 532 Tampines St. #02-35
Paul Taylor,66818,66818@nopoly.sg,SEG,M,2.31,Blk. 641 Tampines St. #15-17
Charles John,83522,83522@nopoly.sg,STA,M,0.18,Blk. 236 Ang Mo Kio Ave. #14-67
Taufiq Perez,64710,64710@nopoly.sg,SHL,M,3.12,Blk. 654 Marsiling Ave. #11-43
Britney Suleiman,84036,84036@nopoly.sg,SHL,F,1.86,Blk. 978 Jurong St. #02-84
Valentino Akbar,73315,73315@nopoly.sg,SHL,M,0.69,Blk. 771 Woodlands Rd. #13-82
Ivy Taylor,67696,67696@nopoly.sg,SOH,F,0.41,Blk. 583 Woodlands Ave. #03-31
Charles Carpenter,73127,73127@nopoly.sg,SIT,M,0.35,Blk. 162 Yishun Ave. #08-32
Greg Miller,77514,77514@nopoly.sg,SEG,M,3.74,Blk. 202 Ang Mo Kio St. #01-32
Robert Obama,63682,63682@nopoly.sg,STA,M,3.08,Blk. 373 Jurong St. #15-71
Lydia Lam,74659,74659@nopoly.sg,SEG,F,1.04,Blk. 991 Sembawang St. #11-78
Steven Akbar,72552,72552@nopoly.sg,SIT,M,1.11,Blk. 948 Yishun Rd. #07-55
Peter Jones,79260,79260@nopoly.sg,SIT,M,0.22,Blk. 684 Ang Mo Kio Ave. #01-72
Fatimah Neo,72751,72751@nopoly.sg,SOH,F,0.38,Blk. 450 Sembawang Rd. #03-84
Nathan Akbar,63865,63865@nopoly.sg,SHL,M,0.7,Blk. 569 Yishun Ave. #04-35
Zul Gonzales,88944,88944@nopoly.sg,SOH,M,0.93,Blk. 340 Marsiling Rd. #01-79
Roy Obama,85189,85189@nopoly.sg,SIT,M,1.4,Blk. 461 Marsiling Ave. #15-66
Jonah Jones,61399,61399@nopoly.sg,SEG,M,0.48,Blk. 171 Yishun Rd. #13-31
Valerie Gonzales,84503,84503@nopoly.sg,SHL,F,2.14,Blk. 746 Yishun Ave. #06-34
Ronald Rios,87041,87041@nopoly.sg,SOH,M,3.05,Blk. 405 Jurong Ave. #04-20
Mary Carpenter,67191,67191@nopoly.sg,SOH,F,1.38,Blk. 801 Marsiling St. #14-28
Fatimah Carpenter,88969,88969@nopoly.sg,SHL,F,2.97,Blk. 765 Yishun Rd. #09-54
Josephine Neo,66008,66008@nopoly.sg,SIT,F,1.71,Blk. 239 Woodlands Ave. #09-38
Britney Zulkarnaen,85394,85394@nopoly.sg,SHL,F,2.33,Blk. 134 Jurong Ave. #16-72
Jonah Taylor,79772,79772@nopoly.sg,SHL,M,2.14,Blk. 762 Jurong Rd. #15-77
Trent Rios,67896,67896@nopoly.sg,SEG,M,1.48,Blk. 204 Woodlands Rd. #12-81
Greg Lam,65790,65790@nopoly.sg,SEG,M,0.96,Blk. 597 Yishun Rd. #07-68
Stephen Miller,67664,67664@nopoly.sg,SIT,M,0.01,Blk. 856 Marsiling Ave. #16-24
Anna Lam,67329,67329@nopoly.sg,STA,F,2.51,Blk. 939 Tampines Rd. #08-53
Lisa Obama,70254,70254@nopoly.sg,STA,F,0.98,Blk. 911 Woodlands St. #09-60
Josephine Yang,72105,72105@nopoly.sg,SOH,F,3.6,Blk. 677 Jurong St. #02-79
Ray Tan,80297,80297@nopoly.sg,STA,M,0.68,Blk. 130 Yishun Ave. #06-20
Steven Suleiman,70521,70521@nopoly.sg,SEG,M,0.99,Blk. 921 Woodlands Rd. #10-33
Taufiq Jones,70520,70520@nopoly.sg,SEG,M,3.26,Blk. 629 Yishun St. #07-91
Hannah Iskandar,87023,87023@nopoly.sg,SEG,F,1.78,Blk. 485 Woodlands St. #01-61
Mary John,71236,71236@nopoly.sg,STA,F,2.28,Blk. 304 Ang Mo Kio St. #10-88
Greg Taylor,83619,83619@nopoly.sg,SOH,M,2.65,Blk. 145 Yishun St. #05-10
Stephanie May,64293,64293@nopoly.sg,SIT,F,3.11,Blk. 150 Yishun Ave. #15-78
Jonah Zulkarnaen,84548,84548@nopoly.sg,SHL,M,1.62,Blk. 970 Woodlands St. #06-17
Siti May,86406,86406@nopoly.sg,SOH,F,3.5,Blk. 538 Sembawang St. #09-26
Sylvia Zulkarnaen,79379,79379@nopoly.sg,SIT,F,3.14,Blk. 266 Yishun Rd. #06-67
Louis Lin,62285,62285@nopoly.sg,SHL,M,1.3,Blk. 981 Jurong St. #07-60
Siti Gonzales,62783,62783@nopoly.sg,SHL,F,1.12,Blk. 870 Jurong Rd. #14-80
Ronald Abdul,87392,87392@nopoly.sg,SHL,M,1.86,Blk. 475 Ang Mo Kio Ave. #14-85
Britney Rios,66265,66265@nopoly.sg,STA,F,1.54,Blk. 504 Woodlands Rd. #10-91
Theodore Rios,88691,88691@nopoly.sg,SHL,M,2.94,Blk. 653 Tampines St. #08-79
Madison Yang,64773,64773@nopoly.sg,SIT,F,2.43,Blk. 861 Tampines Rd. #12-10
Paul Miller,70473,70473@nopoly.sg,SHL,M,2.95,Blk. 492 Ang Mo Kio St. #14-18
Mary Lam,66215,66215@nopoly.sg,SHL,F,2.65,Blk. 305 Admiralty St. #09-54
Salim Tan,76222,76222@nopoly.sg,SEG,M,3.38,Blk. 557 Woodlands St. #02-57
Ray Smith,62965,62965@nopoly.sg,STA,M,3.57,Blk. 496 Jurong Ave. #15-65
Paul Miller,81480,81480@nopoly.sg,SEG,M,3.11,Blk. 779 Yishun Rd. #09-71
Fatimah Obama,72877,72877@nopoly.sg,SOH,F,3.13,Blk. 564 Jurong Rd. #06-71
Bob Taylor,78169,78169@nopoly.sg,STA,M,2.67,Blk. 467 Ang Mo Kio St. #03-45
Stephen Lam,78283,78283@nopoly.sg,SOH,M,2.46,Blk. 484 Tampines Ave. #12-82
Josephine Taylor,87140,87140@nopoly.sg,SEG,F,0.94,Blk. 239 Admiralty Rd. #05-17
Fatimah Gonzales,83201,83201@nopoly.sg,SIT,F,0.05,Blk. 489 Ang Mo Kio St. #14-21
Linda Lim,84483,84483@nopoly.sg,SEG,F,0.5,Blk. 153 Yishun Ave. #14-45
Louis Carpenter,73083,73083@nopoly.sg,SEG,M,3.21,Blk. 599 Yishun St. #09-94
Linda May,76889,76889@nopoly.sg,STA,F,2.49,Blk. 629 Yishun St. #09-53
Jacob Yang,77567,77567@nopoly.sg,SIT,M,2.83,Blk. 109 Tampines St. #16-57
Linda Tay,77165,77165@nopoly.sg,SHL,F,3.61,Blk. 268 Sembawang Rd. #16-82
Salim May,81051,81051@nopoly.sg,SOH,M,1.74,Blk. 316 Admiralty Rd. #12-51
Ray Obama,88341,88341@nopoly.sg,SEG,M,0.74,Blk. 666 Yishun Rd. #06-50
Jolene John,89769,89769@nopoly.sg,SIT,F,3.91,Blk. 785 Jurong St. #03-33
John Tay,65484,65484@nopoly.sg,SHL,M,2.98,Blk. 461 Jurong Rd. #03-86
Valentino Lim,81748,81748@nopoly.sg,SOH,M,0.24,Blk. 632 Yishun Rd. #14-35
Trent Akbar,84823,84823@nopoly.sg,STA,M,1.37,Blk. 452 Woodlands Ave. #10-13
Valerie Miller,84181,84181@nopoly.sg,SIT,F,0.56,Blk. 494 Marsiling St. #08-38
Paul Yang,72055,72055@nopoly.sg,SIT,M,1.31,Blk. 164 Marsiling Rd. #06-65
Greg Smith,81692,81692@nopoly.sg,SOH,M,2.05,Blk. 716 Marsiling Rd. #08-59
Jolene Abdul,71619,71619@nopoly.sg,SHL,F,1.19,Blk. 728 Admiralty Rd. #13-11
Jolene Tay,88871,88871@nopoly.sg,SOH,F,1.01,Blk. 432 Woodlands Rd. #09-72
Hannah Lin,85457,85457@nopoly.sg,SIT,F,1.35,Blk. 533 Ang Mo Kio Ave. #05-62
Paul Neo,62440,62440@nopoly.sg,SIT,M,3.49,Blk. 620 Tampines Ave. #16-87
Jacob Obama,67383,67383@nopoly.sg,SHL,M,2.8,Blk. 726 Yishun Rd. #16-31
Helen Rios,87474,87474@nopoly.sg,SOH,F,1.05,Blk. 646 Ang Mo Kio Ave. #05-28
Steven Tay,76603,76603@nopoly.sg,SIT,M,1.26,Blk. 383 Yishun Rd. #11-39
Derek Gonzales,70656,70656@nopoly.sg,SEG,M,1.56,Blk. 684 Sembawang St. #09-63
Robert Jones,89325,89325@nopoly.sg,SEG,M,3.08,Blk. 583 Yishun Ave. #03-66
Otis Iskandar,66212,66212@nopoly.sg,SEG,M,1.72,Blk. 591 Ang Mo Kio Rd. #14-80
Jolene Perez,71680,71680@nopoly.sg,SOH,F,3.89,Blk. 143 Ang Mo Kio Rd. #11-79
Stephanie Lam,80252,80252@nopoly.sg,STA,F,0.1,Blk. 582 Marsiling Ave. #10-79
Melinda Carpenter,89951,89951@nopoly.sg,SOH,F,3.47,Blk. 705 Jurong St. #07-68
Nathan Jones,64824,64824@nopoly.sg,SIT,M,0.14,Blk. 261 Admiralty Rd. #10-66
Jolene Smith,82507,82507@nopoly.sg,STA,F,1.32,Blk. 739 Marsiling Rd. #16-45
Quentin Yang,89692,89692@nopoly.sg,SIT,M,2.78,Blk. 629 Woodlands St. #16-88
Jonah Abdul,69458,69458@nopoly.sg,SIT,M,2.46,Blk. 177 Ang Mo Kio Ave. #08-44
Peter Obama,78857,78857@nopoly.sg,STA,M,0.04,Blk. 835 Jurong Rd. #01-38
Elizabeth Rios,86546,86546@nopoly.sg,SOH,F,2.19,Blk. 877 Ang Mo Kio St. #09-37
Sylvia Perez,67965,67965@nopoly.sg,SOH,F,0.75,Blk. 899 Woodlands St. #03-73
Madison Abdul,62810,62810@nopoly.sg,SOH,F,3.65,Blk. 369 Yishun Rd. #11-15
Jolene John,69539,69539@nopoly.sg,SIT,F,0.18,Blk. 708 Jurong Rd. #10-17
Josephine Taylor,88089,88089@nopoly.sg,SIT,F,0.45,Blk. 330 Admiralty Rd. #08-11
Paul Carpenter,67767,67767@nopoly.sg,STA,M,3.72,Blk. 369 Marsiling Ave. #12-41
Britney Iskandar,84334,84334@nopoly.sg,SHL,F,0.6,Blk. 988 Tampines Rd. #12-47
Ronald Obama,81108,81108@nopoly.sg,SIT,M,3.8,Blk. 788 Marsiling Ave. #15-88
Louis Iskandar,89358,89358@nopoly.sg,SIT,M,3.22,Blk. 521 Admiralty Rd. #04-48
Madison Taylor,66517,66517@nopoly.sg,SIT,F,0,Blk. 683 Marsiling St. #04-48
Greg Iskandar,85960,85960@nopoly.sg,SHL,M,2.26,Blk. 828 Woodlands Ave. #15-31
George Abdul,65106,65106@nopoly.sg,SOH,M,1.45,Blk. 216 Jurong St. #07-42
Peter Lin,63338,63338@nopoly.sg,SEG,M,0.1,Blk. 477 Sembawang Ave. #12-99
Jacob Jones,85808,85808@nopoly.sg,SOH,M,2.16,Blk. 287 Tampines St. #16-47
Stephen Tan,61714,61714@nopoly.sg,SEG,M,3.56,Blk. 958 Sembawang Ave. #13-72
Evi Jones,62452,62452@nopoly.sg,SHL,F,0.15,Blk. 564 Jurong Ave. #11-72
Theodore Obama,76720,76720@nopoly.sg,SEG,M,2.53,Blk. 460 Admiralty St. #05-86
Ike Lam,81769,81769@nopoly.sg,SEG,M,1.68,Blk. 248 Tampines Rd. #03-28
Jonah Tan,78461,78461@nopoly.sg,SEG,M,3.18,Blk. 570 Marsiling St. #07-71
Helen Zulkarnaen,81680,81680@nopoly.sg,STA,F,1.03,Blk. 961 Admiralty Ave. #04-46
Elizabeth Smith,68290,68290@nopoly.sg,SHL,F,1.56,Blk. 248 Ang Mo Kio Rd. #04-70
Sylvia Iskandar,67724,67724@nopoly.sg,SHL,F,3.45,Blk. 342 Admiralty Ave. #04-27
Bob Miller,69344,69344@nopoly.sg,SOH,M,3.41,Blk. 142 Sembawang St. #08-32
Nathan Lim,81782,81782@nopoly.sg,SOH,M,2.99,Blk. 147 Tampines Ave. #08-56
Bob Smith,87627,87627@nopoly.sg,SIT,M,2.67,Blk. 763 Sembawang St. #14-40
Stephanie Miller,71560,71560@nopoly.sg,SHL,F,3.01,Blk. 222 Yishun Rd. #06-83
Isabel Abdul,64316,64316@nopoly.sg,SHL,F,2.2,Blk. 182 Sembawang St. #06-86
Nathan Lam,86876,86876@nopoly.sg,SIT,M,0.36,Blk. 105 Tampines St. #10-94
Trent Perez,67001,67001@nopoly.sg,STA,M,1.74,Blk. 736 Tampines St. #03-75
Jonah Lim,84197,84197@nopoly.sg,STA,M,3.8,Blk. 820 Woodlands St. #16-92
Quentin Taylor,61577,61577@nopoly.sg,SIT,M,2.18,Blk. 522 Tampines Rd. #11-76
Fatimah Zulkarnaen,67639,67639@nopoly.sg,SHL,F,2.18,Blk. 463 Woodlands Ave. #10-46
Melinda Jones,62094,62094@nopoly.sg,STA,F,3.26,Blk. 229 Sembawang Rd. #15-51
Eva Tan,88265,88265@nopoly.sg,STA,F,2.02,Blk. 731 Tampines Ave. #10-18
Mary Obama,61862,61862@nopoly.sg,SOH,F,2.85,Blk. 216 Sembawang Rd. #16-28
Valentine Carpenter,89709,89709@nopoly.sg,SIT,F,2.75,Blk. 706 Woodlands Rd. #15-55
Elizabeth Perez,65004,65004@nopoly.sg,SEG,F,3.43,Blk. 111 Woodlands Ave. #14-11
Valentino Miller,68233,68233@nopoly.sg,SEG,M,3.4,Blk. 885 Woodlands St. #16-43
Valerie Carpenter,72989,72989@nopoly.sg,SHL,F,0.15,Blk. 562 Ang Mo Kio St. #02-93
Salim Smith,67564,67564@nopoly.sg,SIT,M,2.27,Blk. 939 Yishun Ave. #14-14
Quentin Rios,84426,84426@nopoly.sg,SHL,M,2.06,Blk. 649 Marsiling Rd. #12-75
Anna Tan,89039,89039@nopoly.sg,SIT,F,1.44,Blk. 584 Jurong Rd. #10-21
Otis Smith,68909,68909@nopoly.sg,SOH,M,3.63,Blk. 834 Yishun Rd. #04-66
Sylvia Perez,80375,80375@nopoly.sg,STA,F,3.81,Blk. 812 Tampines Rd. #01-73
Bob Lin,76304,76304@nopoly.sg,SOH,M,2.6,Blk. 570 Yishun Ave. #14-37
Jacob Lin,70991,70991@nopoly.sg,STA,M,2.3,Blk. 215 Sembawang St. #07-74
William Lam,66864,66864@nopoly.sg,SOH,M,2.91,Blk. 769 Yishun Ave. #07-64
Linda Gonzales,84580,84580@nopoly.sg,SOH,F,3.6,Blk. 222 Yishun St. #03-92
Nathan John,82208,82208@nopoly.sg,SHL,M,3.67,Blk. 629 Sembawang Rd. #04-92
Derek John,88541,88541@nopoly.sg,SEG,M,3.96,Blk. 444 Marsiling Ave. #06-19
Melinda John,70307,70307@nopoly.sg,SIT,F,3.72,Blk. 893 Woodlands St. #09-31
Charles Obama,63322,63322@nopoly.sg,STA,M,2.35,Blk. 825 Woodlands Rd. #14-23
John Lam,82441,82441@nopoly.sg,SOH,M,0.73,Blk. 649 Sembawang St. #14-21
Otis Tay,79633,79633@nopoly.sg,SIT,M,3.41,Blk. 931 Ang Mo Kio Rd. #15-91
Eva Lam,84741,84741@nopoly.sg,STA,F,3.96,Blk. 315 Admiralty Rd. #02-88
Elizabeth Lin,68085,68085@nopoly.sg,SIT,F,0.61,Blk. 114 Woodlands Ave. #13-43
Valentino Iskandar,68118,68118@nopoly.sg,SIT,M,2.64,Blk. 658 Woodlands Ave. #12-96
Eva Lam,77973,77973@nopoly.sg,SIT,F,0.64,Blk. 836 Tampines Rd. #12-99
Lisa John,74407,74407@nopoly.sg,SHL,F,2.14,Blk. 677 Sembawang Ave. #11-38
Steven Gonzales,78935,78935@nopoly.sg,SIT,M,1.63,Blk. 811 Woodlands Ave. #14-95
Lisa Neo,67044,67044@nopoly.sg,SOH,F,1.16,Blk. 500 Ang Mo Kio Ave. #04-72
Lisa Smith,63633,63633@nopoly.sg,SOH,F,3.11,Blk. 992 Marsiling St. #04-83
Valerie Rios,75478,75478@nopoly.sg,STA,F,3.42,Blk. 611 Yishun Rd. #16-31
Helen May,61857,61857@nopoly.sg,STA,F,1.9,Blk. 204 Admiralty Rd. #14-79
Linda Lin,71536,71536@nopoly.sg,SIT,F,0.48,Blk. 331 Marsiling Ave. #06-25
Jacob Neo,79572,79572@nopoly.sg,STA,M,2.1,Blk. 945 Sembawang Ave. #05-10
Ike Akbar,87228,87228@nopoly.sg,STA,M,0.41,Blk. 943 Tampines Rd. #15-95
Charles Obama,64862,64862@nopoly.sg,SHL,M,3.5,Blk. 362 Yishun St. #16-80
Sylvia Neo,74560,74560@nopoly.sg,STA,F,3.44,Blk. 917 Admiralty St. #14-68
Charles Tan,68321,68321@nopoly.sg,SHL,M,0.94,Blk. 857 Tampines Ave. #04-99
Theodore Neo,79561,79561@nopoly.sg,SEG,M,3.65,Blk. 555 Marsiling Rd. #12-56
Britney Gonzales,62240,62240@nopoly.sg,SOH,F,1,Blk. 479 Woodlands St. #15-45
Quentin Lim,84576,84576@nopoly.sg,SIT,M,2.42,Blk. 772 Tampines St. #06-21
Paul Tan,89238,89238@nopoly.sg,SEG,M,3.53,Blk. 339 Yishun Ave. #11-64
Stephanie Tay,85179,85179@nopoly.sg,SEG,F,0,Blk. 219 Woodlands St. #14-60
Peter Taylor,77986,77986@nopoly.sg,SHL,M,0.21,Blk. 908 Tampines Ave. #06-27
John Zulkarnaen,74972,74972@nopoly.sg,SOH,M,1.42,Blk. 706 Ang Mo Kio Rd. #16-52
Robert Tay,87477,87477@nopoly.sg,SOH,M,1.42,Blk. 349 Woodlands Rd. #09-87
Valentino Carpenter,78530,78530@nopoly.sg,SEG,M,2.61,Blk. 635 Tampines Ave. #16-43
Stephanie John,85300,85300@nopoly.sg,SHL,F,0.96,Blk. 184 Jurong Ave. #09-31
Valentine May,83063,83063@nopoly.sg,SIT,F,3.45,Blk. 635 Marsiling Rd. #04-84
Elizabeth Iskandar,68973,68973@nopoly.sg,SHL,F,1.2,Blk. 754 Sembawang Ave. #04-38
Valentino Carpenter,64960,64960@nopoly.sg,SHL,M,3.03,Blk. 884 Tampines St. #06-22
Quentin Perez,82555,82555@nopoly.sg,SIT,M,3.65,Blk. 622 Jurong Ave. #13-76
Mary Lin,80391,80391@nopoly.sg,SOH,F,1.87,Blk. 194 Sembawang Rd. #06-61
Paul Miller,71326,71326@nopoly.sg,SEG,M,1.56,Blk. 521 Ang Mo Kio St. #10-29
Isabel Jones,87741,87741@nopoly.sg,SHL,F,1.63,Blk. 784 Ang Mo Kio Rd. #02-15
George Abdul,78562,78562@nopoly.sg,STA,M,1.6,Blk. 501 Tampines Ave. #11-98
Linda Rios,64378,64378@nopoly.sg,SHL,F,3.05,Blk. 326 Sembawang Ave. #03-19
Evi Zulkarnaen,77536,77536@nopoly.sg,SHL,F,0.16,Blk. 794 Sembawang Ave. #09-39
Valentine Lin,82362,82362@nopoly.sg,SHL,F,1.32,Blk. 371 Yishun St. #11-36
Derek Neo,82274,82274@nopoly.sg,SOH,M,0.35,Blk. 155 Woodlands Rd. #04-88
Zul Abdul,68166,68166@nopoly.sg,SHL,M,3.91,Blk. 128 Jurong St. #03-53
Greg Akbar,81260,81260@nopoly.sg,SIT,M,3.48,Blk. 617 Admiralty St. #07-40
Greg Lam,71167,71167@nopoly.sg,SHL,M,2.6,Blk. 848 Sembawang St. #15-88
Salim Rios,89408,89408@nopoly.sg,SEG,M,3.57,Blk. 507 Woodlands Rd. #11-86
Nathan May,62613,62613@nopoly.sg,SHL,M,1.99,Blk. 143 Admiralty Ave. #09-45
Valerie John,89188,89188@nopoly.sg,SHL,F,2.06,Blk. 735 Tampines Ave. #04-69
Theodore Lin,81735,81735@nopoly.sg,SHL,M,1.29,Blk. 751 Jurong Rd. #15-22
Paul Lin,67018,67018@nopoly.sg,SIT,M,1.8,Blk. 431 Marsiling Rd. #14-86
Ike Iskandar,83676,83676@nopoly.sg,SOH,M,1.73,Blk. 257 Admiralty Ave. #04-36
Greg Yang,77242,77242@nopoly.sg,SHL,M,2.77,Blk. 538 Tampines St. #14-45
Taufiq Zulkarnaen,75861,75861@nopoly.sg,SEG,M,0.2,Blk. 629 Admiralty Rd. #10-45
Ike Carpenter,83435,83435@nopoly.sg,SOH,M,3.38,Blk. 444 Marsiling St. #08-94
Hannah Perez,63678,63678@nopoly.sg,STA,F,2.73,Blk. 441 Admiralty Ave. #10-92
Trent Taylor,72958,72958@nopoly.sg,SHL,M,3.58,Blk. 730 Admiralty Ave. #03-35
Charles May,75712,75712@nopoly.sg,SIT,M,1.92,Blk. 923 Admiralty Ave. #03-65
Bob Lin,66703,66703@nopoly.sg,SHL,M,0.18,Blk. 339 Jurong Ave. #02-63
Ronald Neo,69656,69656@nopoly.sg,STA,M,3.58,Blk. 307 Ang Mo Kio St. #01-99
Lydia Tay,66022,66022@nopoly.sg,SHL,F,3.62,Blk. 118 Jurong St. #06-60
Lydia Rios,81858,81858@nopoly.sg,SEG,F,1.72,Blk. 754 Jurong Rd. #07-37
Peter Suleiman,83294,83294@nopoly.sg,SOH,M,2.89,Blk. 619 Sembawang St. #07-70
Helen Yang,76158,76158@nopoly.sg,STA,F,1.44,Blk. 196 Admiralty St. #02-56
Melinda Gonzales,87901,87901@nopoly.sg,SHL,F,1.22,Blk. 895 Marsiling St. #11-41
Zul Obama,89160,89160@nopoly.sg,SOH,M,2.55,Blk. 800 Woodlands Rd. #14-47
Jolene Neo,68527,68527@nopoly.sg,SOH,F,3.2,Blk. 828 Ang Mo Kio Ave. #07-43
Greg May,79024,79024@nopoly.sg,SEG,M,3.04,Blk. 561 Marsiling Ave. #14-55
Robert Tay,87357,87357@nopoly.sg,SIT,M,1.68,Blk. 352 Jurong Ave. #08-66
William Carpenter,67462,67462@nopoly.sg,SEG,M,3.04,Blk. 916 Woodlands St. #15-40
Ivy Iskandar,85753,85753@nopoly.sg,SEG,F,1.78,Blk. 807 Yishun Ave. #15-19
Zul Lam,69940,69940@nopoly.sg,SHL,M,3.34,Blk. 749 Admiralty Ave. #02-16
Derek Tay,84282,84282@nopoly.sg,STA,M,1.51,Blk. 989 Jurong St. #02-46
Otis Zulkarnaen,77234,77234@nopoly.sg,SHL,M,2.5,Blk. 183 Tampines Rd. #09-89
Bob Obama,70173,70173@nopoly.sg,SEG,M,0.01,Blk. 335 Yishun Rd. #12-28
George Perez,75249,75249@nopoly.sg,STA,M,0.27,Blk. 261 Woodlands Ave. #16-94
Bob Obama,68168,68168@nopoly.sg,STA,M,1.05,Blk. 254 Ang Mo Kio Ave. #06-64
Jonah Carpenter,69467,69467@nopoly.sg,SEG,M,2.14,Blk. 404 Yishun Ave. #06-46
Stephen Perez,65374,65374@nopoly.sg,SIT,M,2.89,Blk. 993 Woodlands St. #05-61
Fatimah Smith,79032,79032@nopoly.sg,SIT,F,0.19,Blk. 676 Sembawang St. #07-58
Quentin Tan,77075,77075@nopoly.sg,SEG,M,2.46,Blk. 677 Yishun Rd. #01-47
Lisa Zulkarnaen,88911,88911@nopoly.sg,STA,F,1.99,Blk. 553 Jurong Rd. #06-66
Madison Obama,62355,62355@nopoly.sg,SIT,F,1.82,Blk. 898 Ang Mo Kio Rd. #06-70
George Lim,79084,79084@nopoly.sg,SEG,M,2.27,Blk. 844 Tampines St. #05-13
Steven Tan,79886,79886@nopoly.sg,SHL,M,0.77,Blk. 698 Ang Mo Kio St. #13-22
Derek Perez,66072,66072@nopoly.sg,STA,M,1.56,Blk. 416 Marsiling Ave. #04-34
Britney Tan,83430,83430@nopoly.sg,SHL,F,3.41,Blk. 894 Yishun Rd. #01-64
Greg Neo,76695,76695@nopoly.sg,SIT,M,2.32,Blk. 654 Ang Mo Kio St. #13-70
Lisa John,86502,86502@nopoly.sg,SOH,F,0.33,Blk. 204 Admiralty St. #05-82
Fatimah Tan,75983,75983@nopoly.sg,STA,F,1.58,Blk. 712 Ang Mo Kio Ave. #07-23
Theodore Jones,88293,88293@nopoly.sg,STA,M,3.4,Blk. 471 Woodlands Rd. #03-41
Bob Neo,69606,69606@nopoly.sg,SOH,M,1.69,Blk. 954 Woodlands St. #16-47
Charles Rios,79790,79790@nopoly.sg,SEG,M,0.31,Blk. 381 Yishun Rd. #16-85
Paul Obama,76293,76293@nopoly.sg,SHL,M,1.62,Blk. 738 Ang Mo Kio Ave. #16-46
Valentino Perez,86180,86180@nopoly.sg,SHL,M,1.4,Blk. 156 Woodlands St. #02-47
Stephen Yang,82073,82073@nopoly.sg,SHL,M,3.64,Blk. 700 Sembawang Rd. #01-36
Isabel Rios,67149,67149@nopoly.sg,SOH,F,3.3,Blk. 607 Admiralty Ave. #10-87
Roy Zulkarnaen,82650,82650@nopoly.sg,SHL,M,0.74,Blk. 954 Woodlands St. #13-44
Fatimah Gonzales,89032,89032@nopoly.sg,SEG,F,3.17,Blk. 327 Sembawang Rd. #02-50
Jonah Abdul,84082,84082@nopoly.sg,SEG,M,2.09,Blk. 349 Admiralty Ave. #11-80
Ronald Iskandar,81336,81336@nopoly.sg,SIT,M,2.04,Blk. 725 Sembawang Rd. #13-84
Derek Zulkarnaen,68270,68270@nopoly.sg,SIT,M,0.26,Blk. 996 Jurong St. #08-20
Valentine Perez,75429,75429@nopoly.sg,STA,F,1.59,Blk. 451 Woodlands St. #01-97
Roy May,68685,68685@nopoly.sg,SHL,M,0.15,Blk. 717 Yishun Ave. #12-80
Stephanie Zulkarnaen,67363,67363@nopoly.sg,STA,F,3.11,Blk. 913 Yishun Rd. #15-58
Isabel Gonzales,80108,80108@nopoly.sg,SIT,F,0.34,Blk. 463 Jurong St. #13-76
Zul Tay,89933,89933@nopoly.sg,STA,M,2.11,Blk. 817 Ang Mo Kio St. #07-97
Ivy Zulkarnaen,88221,88221@nopoly.sg,SHL,F,3.37,Blk. 355 Marsiling Rd. #14-31
Isabel Suleiman,87363,87363@nopoly.sg,SHL,F,2.02,Blk. 575 Admiralty Rd. #01-74
Lydia Lim,69500,69500@nopoly.sg,STA,F,2.27,Blk. 162 Tampines St. #05-48
Bob Carpenter,84592,84592@nopoly.sg,SOH,M,3.63,Blk. 780 Woodlands Rd. #11-38
Mary Carpenter,66139,66139@nopoly.sg,SIT,F,3.67,Blk. 516 Woodlands Ave. #13-82
Louis Suleiman,81912,81912@nopoly.sg,SIT,M,3.81,Blk. 249 Sembawang Ave. #15-36
Hannah Taylor,70748,70748@nopoly.sg,SOH,F,3.33,Blk. 644 Sembawang Rd. #03-70
Valerie John,77885,77885@nopoly.sg,SHL,F,2.06,Blk. 674 Admiralty Rd. #09-25
Robert Lin,77155,77155@nopoly.sg,SIT,M,0.87,Blk. 845 Ang Mo Kio Rd. #15-97
Stephen Taylor,76324,76324@nopoly.sg,STA,M,2.28,Blk. 550 Marsiling St. #15-50
Jonah Taylor,65827,65827@nopoly.sg,SIT,M,3.19,Blk. 208 Woodlands Rd. #08-59
Valentino Neo,80791,80791@nopoly.sg,SOH,M,2.96,Blk. 557 Admiralty Ave. #01-79
Jacob John,77580,77580@nopoly.sg,STA,M,0.7,Blk. 828 Woodlands Ave. #10-83
Paul Zulkarnaen,72634,72634@nopoly.sg,SIT,M,2.58,Blk. 719 Ang Mo Kio Ave. #15-36
George Carpenter,74465,74465@nopoly.sg,SHL,M,3.19,Blk. 678 Ang Mo Kio Rd. #15-38
Derek Miller,66098,66098@nopoly.sg,STA,M,2.8,Blk. 632 Yishun St. #15-48
Quentin Abdul,73366,73366@nopoly.sg,STA,M,3.74,Blk. 947 Ang Mo Kio Rd. #03-92
Elizabeth Lim,67419,67419@nopoly.sg,SHL,F,1.46,Blk. 505 Tampines St. #01-21
Ronald Tay,66460,66460@nopoly.sg,SEG,M,2.62,Blk. 217 Jurong St. #12-62
Siti Obama,70162,70162@nopoly.sg,STA,F,0.49,Blk. 554 Ang Mo Kio Ave. #10-54
John Jones,87170,87170@nopoly.sg,STA,M,2.87,Blk. 280 Sembawang Ave. #02-62
Theodore Zulkarnaen,71737,71737@nopoly.sg,SOH,M,1.23,Blk. 943 Admiralty St. #14-55
Taufiq Lin,88023,88023@nopoly.sg,STA,M,0.22,Blk. 534 Admiralty St. #12-63
Trent Carpenter,62018,62018@nopoly.sg,SIT,M,0.1,Blk. 639 Admiralty Rd. #09-47
Valentine Obama,66010,66010@nopoly.sg,SEG,F,2.87,Blk. 719 Ang Mo Kio St. #14-32
Jolene John,70686,70686@nopoly.sg,SIT,F,0.43,Blk. 403 Tampines Ave. #07-37
Salim Lim,64869,64869@nopoly.sg,STA,M,0.84,Blk. 868 Jurong Rd. #16-81
Ike Obama,62794,62794@nopoly.sg,SHL,M,3.18,Blk. 719 Tampines Rd. #09-25
Theodore Smith,80217,80217@nopoly.sg,STA,M,3.4,Blk. 382 Ang Mo Kio Rd. #16-53
Derek Taylor,85693,85693@nopoly.sg,SIT,M,1.22,Blk. 116 Sembawang Rd. #11-67
Trent Rios,89683,89683@nopoly.sg,SIT,M,0.43,Blk. 681 Jurong St. #10-80
Taufiq John,69227,69227@nopoly.sg,SHL,M,2.33,Blk. 934 Tampines St. #09-49
Lydia Suleiman,80124,80124@nopoly.sg,SEG,F,1.23,Blk. 811 Admiralty Rd. #06-19
Otis Iskandar,61453,61453@nopoly.sg,SIT,M,0.46,Blk. 834 Tampines St. #02-58
Paul Akbar,84479,84479@nopoly.sg,SOH,M,1.94,Blk. 836 Jurong Rd. #13-41
Sylvia Jones,87995,87995@nopoly.sg,SHL,F,1.57,Blk. 519 Woodlands Ave. #13-77
Lydia Miller,88813,88813@nopoly.sg,SEG,F,2.75,Blk. 293 Yishun Rd. #08-32
Zul Akbar,63113,63113@nopoly.sg,SEG,M,2.11,Blk. 813 Jurong St. #12-88
Greg Lam,68978,68978@nopoly.sg,SIT,M,1.15,Blk. 536 Woodlands Ave. #12-73
Valentino Abdul,67816,67816@nopoly.sg,SOH,M,1.99,Blk. 950 Yishun Rd. #14-99
Linda Tay,61493,61493@nopoly.sg,SHL,F,1.48,Blk. 170 Ang Mo Kio St. #07-69
John John,87601,87601@nopoly.sg,STA,M,3.67,Blk. 902 Woodlands Ave. #01-91
William May,82902,82902@nopoly.sg,STA,M,2.46,Blk. 813 Tampines Ave. #03-70
Stephanie John,79368,79368@nopoly.sg,SHL,F,0.77,Blk. 599 Ang Mo Kio Ave. #12-82
Paul Akbar,61781,61781@nopoly.sg,SHL,M,1.51,Blk. 233 Marsiling St. #01-52
Anna Zulkarnaen,62488,62488@nopoly.sg,SHL,F,1.67,Blk. 227 Tampines St. #02-65
Evi Lam,74828,74828@nopoly.sg,SEG,F,2.65,Blk. 753 Tampines St. #10-37
Valentino Taylor,85607,85607@nopoly.sg,STA,M,3.83,Blk. 914 Yishun St. #05-92
Bob Abdul,70304,70304@nopoly.sg,STA,M,0.93,Blk. 338 Marsiling Rd. #04-50
Fatimah Taylor,75771,75771@nopoly.sg,SIT,F,2.02,Blk. 581 Yishun St. #08-29
Bob Suleiman,81594,81594@nopoly.sg,STA,M,1.52,Blk. 453 Woodlands St. #10-50
Siti Abdul,63107,63107@nopoly.sg,SOH,F,2.36,Blk. 155 Marsiling Ave. #05-44
Roy Yang,61240,61240@nopoly.sg,SIT,M,2.85,Blk. 780 Jurong St. #06-17
Ray Taylor,85559,85559@nopoly.sg,SHL,M,2.55,Blk. 765 Sembawang St. #12-68
Linda Gonzales,89618,89618@nopoly.sg,STA,F,3.58,Blk. 236 Ang Mo Kio Rd. #02-96
Ivy Obama,76381,76381@nopoly.sg,SHL,F,3.92,Blk. 330 Marsiling St. #09-30
Louis Lin,74790,74790@nopoly.sg,STA,M,2.01,Blk. 795 Woodlands St. #02-37
Linda Lam,65024,65024@nopoly.sg,SIT,F,2.81,Blk. 542 Yishun Ave. #02-30
Peter Tay,77963,77963@nopoly.sg,SOH,M,2.7,Blk. 257 Yishun St. #04-60
Jolene Taylor,63414,63414@nopoly.sg,SEG,F,3.18,Blk. 831 Ang Mo Kio Ave. #08-53
Zul Obama,87718,87718@nopoly.sg,SIT,M,1.95,Blk. 603 Sembawang St. #10-78
Salim Lin,81934,81934@nopoly.sg,SHL,M,3.11,Blk. 816 Jurong St. #01-17
Jonah Akbar,74287,74287@nopoly.sg,SEG,M,2.15,Blk. 706 Jurong Ave. #01-48
Roy Lim,88762,88762@nopoly.sg,SIT,M,1.74,Blk. 506 Woodlands St. #08-72
Theodore Lin,66486,66486@nopoly.sg,SHL,M,2.16,Blk. 247 Ang Mo Kio Ave. #09-44
John Lim,62273,62273@nopoly.sg,SHL,M,2.28,Blk. 157 Admiralty St. #15-59
William Carpenter,66786,66786@nopoly.sg,SIT,M,1.11,Blk. 479 Jurong Ave. #15-20
Zul Smith,78407,78407@nopoly.sg,STA,M,0.07,Blk. 461 Marsiling St. #01-45
Lydia Abdul,70876,70876@nopoly.sg,SOH,F,1.81,Blk. 231 Admiralty Ave. #09-17
Jolene Taylor,69731,69731@nopoly.sg,STA,F,3.11,Blk. 263 Sembawang Rd. #05-49
Jonah Lim,76007,76007@nopoly.sg,SIT,M,0.86,Blk. 491 Sembawang Ave. #15-29
Derek Perez,83318,83318@nopoly.sg,STA,M,0.43,Blk. 532 Jurong Rd. #04-21
John Perez,79549,79549@nopoly.sg,SIT,M,3.55,Blk. 269 Woodlands Rd. #13-38
Eva John,62366,62366@nopoly.sg,SIT,F,3.99,Blk. 618 Tampines Rd. #08-96
Louis Zulkarnaen,69695,69695@nopoly.sg,SOH,M,1.18,Blk. 947 Ang Mo Kio St. #07-81
Melinda Smith,75563,75563@nopoly.sg,SOH,F,0.23,Blk. 634 Jurong Ave. #09-37
Zul Carpenter,68413,68413@nopoly.sg,SEG,M,3.24,Blk. 290 Sembawang Rd. #08-31
Trent Rios,77084,77084@nopoly.sg,SOH,M,2.54,Blk. 689 Jurong Rd. #16-95
Isabel Zulkarnaen,85752,85752@nopoly.sg,STA,F,0.73,Blk. 922 Sembawang Rd. #08-25
Elizabeth Taylor,83516,83516@nopoly.sg,SOH,F,2.74,Blk. 587 Admiralty Rd. #12-71
Linda Neo,85887,85887@nopoly.sg,SHL,F,3.94,Blk. 804 Sembawang St. #10-20
Elizabeth Zulkarnaen,62825,62825@nopoly.sg,STA,F,3.41,Blk. 607 Jurong Ave. #15-48
Lydia Abdul,64114,64114@nopoly.sg,SEG,F,3.86,Blk. 839 Sembawang Rd. #06-33
Theodore Tan,77524,77524@nopoly.sg,SOH,M,2.2,Blk. 378 Marsiling Ave. #15-10
Jonah Obama,89468,89468@nopoly.sg,STA,M,3.98,Blk. 990 Admiralty Ave. #04-76
Steven Tay,74738,74738@nopoly.sg,STA,M,2.87,Blk. 305 Marsiling Ave. #03-30
Elizabeth Lim,82858,82858@nopoly.sg,SIT,F,3.89,Blk. 421 Ang Mo Kio Rd. #06-41
Trent Carpenter,65120,65120@nopoly.sg,SOH,M,3.09,Blk. 487 Marsiling St. #12-61
Siti Miller,86521,86521@nopoly.sg,SIT,F,0.23,Blk. 761 Tampines Ave. #13-90
Greg Suleiman,82517,82517@nopoly.sg,SEG,M,0.03,Blk. 649 Woodlands Rd. #06-42
Helen Jones,65215,65215@nopoly.sg,SEG,F,2.41,Blk. 343 Yishun Rd. #14-48
George Taylor,64500,64500@nopoly.sg,SEG,M,3.14,Blk. 945 Admiralty Ave. #04-34
Taufiq Jones,70494,70494@nopoly.sg,SEG,M,3.55,Blk. 387 Marsiling Ave. #06-82
Taufiq Carpenter,66554,66554@nopoly.sg,STA,M,3.72,Blk. 549 Tampines Ave. #10-10
Jonah Gonzales,69970,69970@nopoly.sg,STA,M,1.78,Blk. 331 Jurong Ave. #16-60
Nathan Jones,61720,61720@nopoly.sg,STA,M,3.79,Blk. 264 Sembawang Rd. #01-47
Ronald May,81781,81781@nopoly.sg,STA,M,3.11,Blk. 894 Yishun Rd. #08-40
Paul Yang,77395,77395@nopoly.sg,SEG,M,0.14,Blk. 563 Tampines St. #14-77
Paul Jones,62031,62031@nopoly.sg,SEG,M,3.47,Blk. 605 Sembawang Rd. #09-77
Quentin Iskandar,62213,62213@nopoly.sg,SHL,M,2.65,Blk. 111 Jurong Rd. #15-91
John Iskandar,70820,70820@nopoly.sg,SIT,M,2.79,Blk. 520 Woodlands St. #05-82
Derek Lim,80314,80314@nopoly.sg,SOH,M,0.46,Blk. 170 Tampines Rd. #11-64
Jacob Lim,75122,75122@nopoly.sg,SIT,M,3.5,Blk. 472 Sembawang Ave. #14-82
Jolene Perez,79234,79234@nopoly.sg,STA,F,2.9,Blk. 496 Jurong Ave. #04-89
Sylvia Tan,88029,88029@nopoly.sg,STA,F,0.28,Blk. 337 Yishun Rd. #12-52
Jacob Lim,70045,70045@nopoly.sg,STA,M,2.1,Blk. 297 Yishun St. #10-32
Isabel Zulkarnaen,89267,89267@nopoly.sg,STA,F,0.24,Blk. 680 Tampines St. #08-75
Peter Akbar,77511,77511@nopoly.sg,SEG,M,2.62,Blk. 972 Woodlands St. #12-45
Siti Obama,79432,79432@nopoly.sg,SOH,F,1.9,Blk. 166 Tampines St. #11-20
Roy Suleiman,78696,78696@nopoly.sg,SHL,M,0.65,Blk. 901 Yishun St. #16-88
Anna Abdul,69167,69167@nopoly.sg,SIT,F,2.64,Blk. 547 Jurong Rd. #05-13
Peter Neo,64615,64615@nopoly.sg,SEG,M,2.36,Blk. 608 Admiralty Ave. #13-61
Louis Abdul,86878,86878@nopoly.sg,STA,M,1.47,Blk. 841 Jurong Rd. #14-62
Theodore Tan,84282,84282@nopoly.sg,SIT,M,0.63,Blk. 669 Marsiling Ave. #02-63
Nathan John,72635,72635@nopoly.sg,STA,M,2.44,Blk. 867 Jurong St. #03-82
Britney Smith,84699,84699@nopoly.sg,SIT,F,0.3,Blk. 863 Sembawang Ave. #09-73
Anna Abdul,77597,77597@nopoly.sg,SHL,F,3.35,Blk. 909 Jurong Ave. #01-89
Greg May,78123,78123@nopoly.sg,SHL,M,2.93,Blk. 190 Marsiling Rd. #12-43
Jonah Rios,73687,73687@nopoly.sg,STA,M,2.96,Blk. 626 Sembawang Rd. #14-37
Greg Lim,88401,88401@nopoly.sg,SOH,M,1.03,Blk. 295 Admiralty Ave. #16-73
Helen Lim,75610,75610@nopoly.sg,SOH,F,1.71,Blk. 539 Sembawang St. #16-67
William Smith,61661,61661@nopoly.sg,SEG,M,2.16,Blk. 222 Marsiling St. #05-58
Louis Zulkarnaen,82475,82475@nopoly.sg,SHL,M,1.18,Blk. 532 Jurong Ave. #15-16
Charles Tan,72678,72678@nopoly.sg,STA,M,1.52,Blk. 509 Marsiling St. #04-24
George Zulkarnaen,69872,69872@nopoly.sg,SEG,M,0.22,Blk. 646 Tampines Ave. #06-52
Isabel John,85653,85653@nopoly.sg,SIT,F,2.47,Blk. 983 Admiralty Ave. #10-63
Valentine Smith,74276,74276@nopoly.sg,SHL,F,2.91,Blk. 943 Yishun Ave. #14-66
Elizabeth Jones,85171,85171@nopoly.sg,SIT,F,0.81,Blk. 386 Woodlands St. #12-36
Theodore Jones,77150,77150@nopoly.sg,STA,M,0.65,Blk. 129 Woodlands Ave. #08-74
Lisa Lin,66233,66233@nopoly.sg,SEG,F,0.12,Blk. 214 Tampines Ave. #14-52
Sylvia Tan,86974,86974@nopoly.sg,SOH,F,0.65,Blk. 462 Sembawang Ave. #01-13
Zul John,74881,74881@nopoly.sg,SEG,M,2.1,Blk. 920 Sembawang Ave. #16-46
Siti Akbar,69563,69563@nopoly.sg,SIT,F,0.6,Blk. 285 Woodlands Ave. #13-63
Hannah Perez,81441,81441@nopoly.sg,SHL,F,0.93,Blk. 201 Admiralty St. #11-97
Robert Yang,71270,71270@nopoly.sg,SEG,M,1.84,Blk. 724 Tampines Rd. #11-22
Salim Abdul,81622,81622@nopoly.sg,SIT,M,0.87,Blk. 236 Woodlands St. #10-62
Anna Smith,64833,64833@nopoly.sg,SIT,F,2.76,Blk. 787 Admiralty St. #06-61
Charles Suleiman,76723,76723@nopoly.sg,SEG,M,1.14,Blk. 491 Yishun Rd. #01-88
Stephanie Miller,73104,73104@nopoly.sg,SEG,F,2.7,Blk. 707 Marsiling Rd. #02-48
Lisa Lam,69102,69102@nopoly.sg,SHL,F,2.3,Blk. 204 Admiralty Rd. #04-48
Elizabeth Lam,68517,68517@nopoly.sg,STA,F,0.01,Blk. 257 Yishun Ave. #10-75
Valentino Lin,73753,73753@nopoly.sg,STA,M,3.21,Blk. 336 Woodlands Rd. #13-86
Britney Gonzales,80165,80165@nopoly.sg,SOH,F,0.8,Blk. 928 Marsiling Ave. #11-96
Theodore Carpenter,71673,71673@nopoly.sg,SHL,M,3.03,Blk. 727 Yishun Rd. #02-61
Salim Tay,77799,77799@nopoly.sg,STA,M,0.72,Blk. 528 Sembawang St. #08-55
Otis Rios,82791,82791@nopoly.sg,SEG,M,0.35,Blk. 198 Yishun Ave. #08-39
Hannah Smith,68380,68380@nopoly.sg,SEG,F,0.47,Blk. 544 Ang Mo Kio Rd. #08-31
Ivy Smith,86610,86610@nopoly.sg,SEG,F,3.12,Blk. 966 Ang Mo Kio Rd. #16-96
Derek Lin,77520,77520@nopoly.sg,SHL,M,3.12,Blk. 464 Tampines St. #11-65
Hannah Gonzales,81121,81121@nopoly.sg,STA,F,3.93,Blk. 793 Ang Mo Kio Rd. #14-41
Stephen Iskandar,89704,89704@nopoly.sg,SEG,M,0.29,Blk. 584 Marsiling Rd. #12-95
Louis Gonzales,86685,86685@nopoly.sg,SOH,M,1.1,Blk. 258 Sembawang Rd. #03-67
Hannah Lim,67115,67115@nopoly.sg,STA,F,1.31,Blk. 834 Yishun Rd. #06-21
Siti Perez,71638,71638@nopoly.sg,SIT,F,1.88,Blk. 897 Yishun Ave. #09-54
Peter Tay,81911,81911@nopoly.sg,STA,M,1.16,Blk. 672 Jurong St. #11-70
Ronald Zulkarnaen,81172,81172@nopoly.sg,STA,M,0.5,Blk. 864 Woodlands St. #13-26
Elizabeth Lin,68774,68774@nopoly.sg,SHL,F,3.49,Blk. 495 Marsiling Rd. #14-92
Elizabeth Zulkarnaen,79754,79754@nopoly.sg,SHL,F,1.91,Blk. 430 Ang Mo Kio Ave. #02-96
Bob Abdul,69630,69630@nopoly.sg,SEG,M,2.32,Blk. 240 Sembawang Rd. #03-81
Fatimah Taylor,78851,78851@nopoly.sg,SIT,F,1.12,Blk. 836 Yishun Ave. #14-86
Ike Yang,67621,67621@nopoly.sg,SOH,M,3.84,Blk. 179 Ang Mo Kio Ave. #14-91
John Lim,67476,67476@nopoly.sg,SHL,M,0.12,Blk. 846 Sembawang Ave. #08-69
George Carpenter,85931,85931@nopoly.sg,SIT,M,1.49,Blk. 260 Marsiling St. #10-24
Greg May,69753,69753@nopoly.sg,SEG,M,2.29,Blk. 870 Jurong Ave. #15-83
Helen Perez,77543,77543@nopoly.sg,SOH,F,3.6,Blk. 838 Woodlands Ave. #01-18
Eva Tan,66901,66901@nopoly.sg,SIT,F,0.65,Blk. 865 Marsiling St. #09-11
Isabel Zulkarnaen,84682,84682@nopoly.sg,SEG,F,3.79,Blk. 968 Jurong Ave. #12-76
Lydia Tan,84560,84560@nopoly.sg,STA,F,1.51,Blk. 814 Sembawang Ave. #13-74
Stephanie Abdul,75423,75423@nopoly.sg,SEG,F,1.79,Blk. 894 Marsiling Rd. #01-11
Fatimah Tan,69533,69533@nopoly.sg,SOH,F,0.14,Blk. 878 Sembawang St. #10-24
Greg Gonzales,65166,65166@nopoly.sg,SIT,M,1.17,Blk. 819 Jurong Rd. #01-53
Jolene Lam,68179,68179@nopoly.sg,SOH,F,2.94,Blk. 623 Marsiling Rd. #09-94
John Perez,61545,61545@nopoly.sg,STA,M,3.08,Blk. 787 Jurong St. #13-87
Nathan Rios,64066,64066@nopoly.sg,STA,M,0.62,Blk. 445 Admiralty St. #08-43
Louis Rios,78681,78681@nopoly.sg,SIT,M,1.1,Blk. 915 Woodlands Rd. #11-55
Siti Akbar,71851,71851@nopoly.sg,SEG,F,3.74,Blk. 544 Admiralty St. #01-97
Sylvia Gonzales,65405,65405@nopoly.sg,SOH,F,3.44,Blk. 671 Yishun Rd. #02-94
Fatimah John,75000,75000@nopoly.sg,SIT,F,0.52,Blk. 935 Jurong St. #14-28
Lydia Perez,63144,63144@nopoly.sg,SOH,F,2.42,Blk. 866 Yishun Rd. #12-78
Jolene Lin,83411,83411@nopoly.sg,SEG,F,2.9,Blk. 608 Yishun Rd. #07-53
Otis May,72365,72365@nopoly.sg,SOH,M,1.54,Blk. 999 Tampines Rd. #12-36
Jacob Lam,73564,73564@nopoly.sg,SOH,M,0.35,Blk. 252 Woodlands Ave. #15-46
Otis Abdul,73055,73055@nopoly.sg,SOH,M,3.03,Blk. 415 Sembawang Ave. #09-17
Charles Carpenter,65167,65167@nopoly.sg,SOH,M,1.42,Blk. 444 Sembawang Ave. #14-35
Lydia Lam,63834,63834@nopoly.sg,SEG,F,1.56,Blk. 314 Marsiling St. #13-19
Steven Lim,73180,73180@nopoly.sg,SOH,M,0.73,Blk. 764 Sembawang Ave. #04-28
Valentine Iskandar,67136,67136@nopoly.sg,STA,F,3.89,Blk. 768 Admiralty Ave. #12-70
Robert Miller,84162,84162@nopoly.sg,SEG,M,2.53,Blk. 485 Ang Mo Kio Ave. #15-21
Peter Zulkarnaen,74680,74680@nopoly.sg,SOH,M,1.67,Blk. 897 Ang Mo Kio Rd. #08-19
Anna Lam,82351,82351@nopoly.sg,SOH,F,3.61,Blk. 561 Sembawang Rd. #15-91
Jolene Tay,87684,87684@nopoly.sg,SOH,F,2.81,Blk. 823 Woodlands Ave. #13-51
Fatimah Zulkarnaen,65418,65418@nopoly.sg,SOH,F,2.99,Blk. 362 Tampines St. #11-12
Helen Lim,82978,82978@nopoly.sg,SOH,F,3.08,Blk. 178 Jurong Rd. #02-47
Valerie Lin,66331,66331@nopoly.sg,SEG,F,3.23,Blk. 298 Jurong Rd. #08-52
Lisa Taylor,77375,77375@nopoly.sg,SIT,F,3.47,Blk. 262 Woodlands Rd. #16-40
John Akbar,86319,86319@nopoly.sg,SEG,M,2.58,Blk. 371 Sembawang Ave. #11-84
Siti Lin,89324,89324@nopoly.sg,SHL,F,1.08,Blk. 374 Admiralty St. #01-33
Trent Suleiman,61846,61846@nopoly.sg,SEG,M,4,Blk. 563 Admiralty St. #05-46
Roy Suleiman,63140,63140@nopoly.sg,SHL,M,0.77,Blk. 466 Admiralty Rd. #08-11
Stephen Tan,67481,67481@nopoly.sg,SHL,M,3.19,Blk. 362 Woodlands Ave. #08-80
Bob Tay,86419,86419@nopoly.sg,STA,M,2.32,Blk. 309 Sembawang Ave. #09-48
Bob Suleiman,76774,76774@nopoly.sg,STA,M,2.87,Blk. 951 Woodlands Rd. #06-43
Hannah Iskandar,77924,77924@nopoly.sg,SOH,F,3.54,Blk. 838 Woodlands Ave. #14-77
Charles Smith,62812,62812@nopoly.sg,SIT,M,3.09,Blk. 298 Tampines Ave. #09-55
Lydia Gonzales,79146,79146@nopoly.sg,SHL,F,1.1,Blk. 699 Jurong Ave. #11-52
Robert Taylor,80370,80370@nopoly.sg,SOH,M,2.2,Blk. 287 Sembawang Ave. #13-62
Ivy Jones,68729,68729@nopoly.sg,STA,F,2.12,Blk. 107 Yishun Rd. #08-40
Linda Rios,79399,79399@nopoly.sg,STA,F,2.88,Blk. 824 Admiralty Ave. #09-77
Eva Jones,89781,89781@nopoly.sg,SEG,F,3.05,Blk. 792 Sembawang Rd. #01-31
Eva Zulkarnaen,65141,65141@nopoly.sg,SEG,F,3.84,Blk. 742 Woodlands Rd. #02-30
Peter Iskandar,66252,66252@nopoly.sg,SOH,M,3.09,Blk. 765 Marsiling Ave. #07-49
Fatimah Neo,70279,70279@nopoly.sg,SOH,F,2.43,Blk. 549 Admiralty St. #03-64
Ike Taylor,80787,80787@nopoly.sg,SHL,M,1.96,Blk. 550 Tampines St. #06-29
Valerie Iskandar,83757,83757@nopoly.sg,SIT,F,3.71,Blk. 438 Jurong Rd. #04-79
Taufiq John,63293,63293@nopoly.sg,SHL,M,2.4,Blk. 777 Woodlands Rd. #08-15
Nathan Neo,74376,74376@nopoly.sg,SHL,M,1.57,Blk. 328 Jurong Rd. #16-27
Eva Smith,76785,76785@nopoly.sg,SEG,F,2.95,Blk. 212 Woodlands Ave. #05-50
Bob Tay,84287,84287@nopoly.sg,STA,M,2.06,Blk. 530 Admiralty Rd. #15-43
Jolene Tay,71722,71722@nopoly.sg,SEG,F,0.15,Blk. 259 Jurong Rd. #16-51
Linda Lin,80500,80500@nopoly.sg,SHL,F,0.51,Blk. 959 Yishun Rd. #03-84
Madison Miller,66450,66450@nopoly.sg,STA,F,1.65,Blk. 339 Yishun Ave. #07-98
Anna Tay,88385,88385@nopoly.sg,SHL,F,0.48,Blk. 995 Marsiling Rd. #16-47
Siti Smith,65459,65459@nopoly.sg,SHL,F,0.18,Blk. 766 Tampines Rd. #09-23
Peter Lim,68238,68238@nopoly.sg,STA,M,3.73,Blk. 138 Woodlands Ave. #04-77
Charles Lam,84863,84863@nopoly.sg,SEG,M,2.14,Blk. 650 Ang Mo Kio Ave. #04-33
Jonah Zulkarnaen,64953,64953@nopoly.sg,STA,M,2.24,Blk. 925 Woodlands Rd. #01-47
Otis Lim,82093,82093@nopoly.sg,SIT,M,0.34,Blk. 445 Yishun Ave. #12-41
Ike Carpenter,75682,75682@nopoly.sg,SHL,M,0.93,Blk. 192 Admiralty Rd. #16-97
Ike Suleiman,65139,65139@nopoly.sg,SOH,M,3.01,Blk. 798 Admiralty Rd. #04-96
Britney Miller,63668,63668@nopoly.sg,STA,F,2.69,Blk. 117 Woodlands St. #10-59
Stephanie Abdul,83639,83639@nopoly.sg,SHL,F,2.37,Blk. 661 Yishun Ave. #01-14
Stephanie Neo,88918,88918@nopoly.sg,SEG,F,3.81,Blk. 250 Woodlands Ave. #15-47
Britney Neo,65233,65233@nopoly.sg,SIT,F,1.23,Blk. 529 Marsiling St. #07-64
Trent John,77069,77069@nopoly.sg,SHL,M,1.48,Blk. 235 Yishun St. #10-41
Valerie Perez,81428,81428@nopoly.sg,SIT,F,1.68,Blk. 419 Tampines Rd. #13-33
Paul Suleiman,78415,78415@nopoly.sg,STA,M,0.2,Blk. 734 Sembawang Ave. #11-74
Jonah Carpenter,81306,81306@nopoly.sg,SEG,M,2.55,Blk. 581 Jurong Rd. #05-28
Ivy Rios,89400,89400@nopoly.sg,SEG,F,0.86,Blk. 852 Marsiling Rd. #01-86
George Iskandar,88633,88633@nopoly.sg,SIT,M,0.1,Blk. 613 Jurong Rd. #04-64
Valentino Lin,87802,87802@nopoly.sg,SIT,M,3.66,Blk. 953 Sembawang St. #06-14
Jonah Akbar,87125,87125@nopoly.sg,SHL,M,0.21,Blk. 770 Woodlands Ave. #12-71
Salim Suleiman,80971,80971@nopoly.sg,SOH,M,1.85,Blk. 760 Jurong Rd. #13-13
Helen Lam,78237,78237@nopoly.sg,STA,F,0.13,Blk. 244 Marsiling Ave. #10-84
Trent Iskandar,88997,88997@nopoly.sg,SHL,M,3.11,Blk. 261 Yishun St. #06-79
Lisa Tay,74598,74598@nopoly.sg,SEG,F,2.62,Blk. 420 Sembawang Rd. #09-33
Jonah Lim,62112,62112@nopoly.sg,STA,M,2,Blk. 559 Tampines Rd. #10-61
Zul Akbar,61652,61652@nopoly.sg,SEG,M,0.97,Blk. 772 Admiralty Ave. #05-76
George Miller,78958,78958@nopoly.sg,SHL,M,0.64,Blk. 561 Woodlands St. #13-56
Jacob Lim,64988,64988@nopoly.sg,SEG,M,3.76,Blk. 861 Yishun Rd. #10-63
Otis Rios,87388,87388@nopoly.sg,SEG,M,2.56,Blk. 715 Admiralty Rd. #13-62
Roy Perez,85888,85888@nopoly.sg,SIT,M,1.94,Blk. 312 Marsiling Ave. #06-54
Nathan Smith,84027,84027@nopoly.sg,SHL,M,3.78,Blk. 819 Admiralty Rd. #15-58
Zul Akbar,78060,78060@nopoly.sg,SEG,M,1.67,Blk. 969 Woodlands Ave. #03-88
Salim Neo,69186,69186@nopoly.sg,STA,M,2.09,Blk. 703 Yishun St. #08-78
Anna Yang,66339,66339@nopoly.sg,SEG,F,3.65,Blk. 812 Woodlands Rd. #16-47
Hannah Suleiman,87469,87469@nopoly.sg,SIT,F,3.22,Blk. 575 Woodlands St. #15-21
Hannah Smith,80014,80014@nopoly.sg,SIT,F,1.56,Blk. 127 Marsiling St. #03-25
Sylvia Jones,87098,87098@nopoly.sg,SIT,F,0.69,Blk. 809 Ang Mo Kio St. #01-95
Trent Gonzales,77666,77666@nopoly.sg,SHL,M,0.04,Blk. 196 Marsiling Rd. #08-19
Derek Gonzales,76753,76753@nopoly.sg,SHL,M,3.1,Blk. 697 Admiralty Ave. #11-56
Fatimah Lin,83337,83337@nopoly.sg,SHL,F,1.78,Blk. 268 Marsiling Ave. #07-81
George Rios,80965,80965@nopoly.sg,SIT,M,1.27,Blk. 613 Woodlands Ave. #12-99
Madison Obama,83241,83241@nopoly.sg,SHL,F,0.07,Blk. 745 Tampines Rd. #04-24
Jonah Abdul,72756,72756@nopoly.sg,SIT,M,3.17,Blk. 924 Admiralty St. #07-61
Otis Taylor,70532,70532@nopoly.sg,SHL,M,0.68,Blk. 852 Marsiling St. #08-89
Stephen Obama,73486,73486@nopoly.sg,SEG,M,3.05,Blk. 263 Ang Mo Kio St. #03-78
Paul Perez,63350,63350@nopoly.sg,STA,M,3.66,Blk. 132 Jurong Ave. #04-90
Otis Smith,76509,76509@nopoly.sg,SHL,M,0.76,Blk. 693 Admiralty Rd. #09-50
John Lin,81487,81487@nopoly.sg,STA,M,0.12,Blk. 921 Sembawang Rd. #08-11
Isabel Zulkarnaen,65111,65111@nopoly.sg,SEG,F,2.78,Blk. 719 Jurong Rd. #09-96
Lydia Smith,84372,84372@nopoly.sg,STA,F,3.19,Blk. 477 Marsiling St. #01-81
Peter Taylor,66854,66854@nopoly.sg,STA,M,2.84,Blk. 758 Woodlands Ave. #12-58
Peter Jones,72953,72953@nopoly.sg,SOH,M,1.84,Blk. 518 Sembawang Ave. #02-51
Robert Gonzales,63109,63109@nopoly.sg,SOH,M,1.94,Blk. 582 Yishun Rd. #01-36
Stephanie Miller,88337,88337@nopoly.sg,SOH,F,0.78,Blk. 319 Yishun Rd. #15-82
Elizabeth Lin,62357,62357@nopoly.sg,SHL,F,0.59,Blk. 366 Ang Mo Kio Ave. #13-86
Jonah Rios,75452,75452@nopoly.sg,STA,M,0.22,Blk. 435 Admiralty Ave. #11-48
Otis Lam,89326,89326@nopoly.sg,SEG,M,1.47,Blk. 946 Marsiling Ave. #11-39
Quentin Abdul,69408,69408@nopoly.sg,SEG,M,1.72,Blk. 449 Yishun Ave. #09-30
Lydia Iskandar,81608,81608@nopoly.sg,STA,F,0.73,Blk. 139 Sembawang St. #10-72
Otis Smith,77304,77304@nopoly.sg,SHL,M,3.52,Blk. 122 Sembawang Ave. #12-28
Stephen Akbar,81369,81369@nopoly.sg,SHL,M,0.98,Blk. 492 Sembawang Rd. #02-73
Paul Lam,81898,81898@nopoly.sg,SOH,M,1.01,Blk. 517 Marsiling Rd. #05-12
Taufiq Obama,80888,80888@nopoly.sg,SHL,M,2.26,Blk. 681 Admiralty St. #07-81
John Yang,75892,75892@nopoly.sg,SOH,M,0.26,Blk. 464 Ang Mo Kio St. #07-84
Sylvia Neo,71333,71333@nopoly.sg,SEG,F,2.44,Blk. 266 Sembawang Rd. #12-65
Taufiq Lam,66289,66289@nopoly.sg,SOH,M,1.23,Blk. 381 Ang Mo Kio Rd. #08-92
Melinda Iskandar,85375,85375@nopoly.sg,SHL,F,3.84,Blk. 821 Sembawang St. #06-48
Stephen Zulkarnaen,73966,73966@nopoly.sg,SEG,M,2.16,Blk. 745 Sembawang Rd. #11-50
Charles Miller,62375,62375@nopoly.sg,STA,M,2.09,Blk. 263 Ang Mo Kio St. #15-48
William Lin,69551,69551@nopoly.sg,SHL,M,0.52,Blk. 317 Jurong Ave. #16-62
Charles Lim,66443,66443@nopoly.sg,SHL,M,0.16,Blk. 123 Yishun Rd. #09-96
Nathan Abdul,74020,74020@nopoly.sg,SEG,M,3.88,Blk. 592 Sembawang Ave. #03-50
William Perez,68785,68785@nopoly.sg,SIT,M,3.56,Blk. 724 Admiralty Ave. #09-24
Valerie Zulkarnaen,71241,71241@nopoly.sg,SEG,F,2.94,Blk. 391 Tampines Rd. #01-59
George Zulkarnaen,67960,67960@nopoly.sg,SIT,M,0.64,Blk. 936 Woodlands Rd. #07-52
Ray Smith,74409,74409@nopoly.sg,STA,M,3.83,Blk. 573 Sembawang Ave. #04-63
Fatimah Rios,62737,62737@nopoly.sg,SHL,F,3.53,Blk. 814 Woodlands Ave. #01-17
Quentin Akbar,89698,89698@nopoly.sg,STA,M,1.6,Blk. 679 Admiralty Rd. #16-31
Elizabeth Perez,69747,69747@nopoly.sg,SEG,F,1.44,Blk. 852 Yishun Ave. #08-22
Charles Rios,76971,76971@nopoly.sg,SEG,M,3.59,Blk. 966 Admiralty St. #06-96
Evi Carpenter,81542,81542@nopoly.sg,SEG,F,1.91,Blk. 461 Tampines Ave. #12-84
Nathan Iskandar,73596,73596@nopoly.sg,STA,M,0.81,Blk. 263 Sembawang Rd. #09-51
Zul Jones,76588,76588@nopoly.sg,STA,M,1.97,Blk. 781 Yishun Rd. #04-87
Jacob Miller,79691,79691@nopoly.sg,SHL,M,0.41,Blk. 216 Marsiling St. #15-98
Josephine Carpenter,87305,87305@nopoly.sg,SHL,F,1.69,Blk. 925 Tampines Ave. #13-61
Ivy Yang,63919,63919@nopoly.sg,SEG,F,3.55,Blk. 783 Jurong Rd. #06-62
Sylvia Neo,87623,87623@nopoly.sg,STA,F,1.37,Blk. 498 Yishun Ave. #13-51
Siti Perez,78033,78033@nopoly.sg,SIT,F,1.63,Blk. 797 Woodlands St. #06-13
Ronald Lim,88539,88539@nopoly.sg,SHL,M,0.46,Blk. 292 Sembawang Ave. #12-13
Eva Tan,63149,63149@nopoly.sg,SOH,F,2.21,Blk. 573 Jurong Ave. #13-22
Jolene May,79210,79210@nopoly.sg,SEG,F,2.22,Blk. 928 Woodlands Ave. #13-17
Valentino Lim,87496,87496@nopoly.sg,SIT,M,0.84,Blk. 187 Sembawang Ave. #16-36
Eva Zulkarnaen,89550,89550@nopoly.sg,STA,F,0.48,Blk. 593 Woodlands Rd. #05-91
Josephine Lim,67220,67220@nopoly.sg,STA,F,3.38,Blk. 966 Ang Mo Kio Ave. #02-62
Helen Perez,86853,86853@nopoly.sg,SHL,F,2.08,Blk. 260 Admiralty St. #13-86
Britney John,63433,63433@nopoly.sg,STA,F,1.5,Blk. 798 Woodlands St. #02-69
Eva Yang,76590,76590@nopoly.sg,STA,F,3.27,Blk. 117 Sembawang St. #11-17
Ivy Tan,73974,73974@nopoly.sg,SIT,F,1.49,Blk. 514 Sembawang Rd. #07-50
Derek Zulkarnaen,82560,82560@nopoly.sg,SHL,M,1.65,Blk. 285 Woodlands Ave. #14-82
Ivy Rios,78913,78913@nopoly.sg,STA,F,1.41,Blk. 724 Ang Mo Kio Rd. #08-33
Trent Jones,89926,89926@nopoly.sg,SEG,M,0.22,Blk. 982 Yishun St. #03-33
Josephine Obama,86988,86988@nopoly.sg,SEG,F,1.25,Blk. 353 Marsiling St. #09-34
Ivy Smith,79119,79119@nopoly.sg,SEG,F,0.33,Blk. 357 Tampines Rd. #08-11
Louis Zulkarnaen,77977,77977@nopoly.sg,SHL,M,1.03,Blk. 326 Tampines Ave. #14-60
Jonah Rios,75895,75895@nopoly.sg,SHL,M,3.96,Blk. 569 Admiralty St. #09-31
Josephine Yang,71343,71343@nopoly.sg,SOH,F,1.54,Blk. 814 Woodlands Rd. #12-95
Valentine Akbar,65399,65399@nopoly.sg,SIT,F,2.46,Blk. 953 Sembawang Ave. #09-97
Charles Carpenter,70657,70657@nopoly.sg,SHL,M,2.58,Blk. 148 Sembawang Rd. #07-55
Charles Tay,87609,87609@nopoly.sg,SOH,M,0.86,Blk. 859 Tampines Ave. #07-36
Ronald Iskandar,84404,84404@nopoly.sg,SOH,M,0.69,Blk. 428 Jurong Ave. #16-40
Elizabeth Miller,72195,72195@nopoly.sg,SIT,F,2.08,Blk. 971 Jurong Ave. #10-35
Ray Jones,68778,68778@nopoly.sg,SIT,M,3.59,Blk. 535 Woodlands Rd. #09-98
Jolene Rios,79007,79007@nopoly.sg,SEG,F,0.47,Blk. 310 Jurong St. #09-87
Eva Perez,88321,88321@nopoly.sg,SIT,F,3.7,Blk. 379 Ang Mo Kio Rd. #04-80
Eva May,71341,71341@nopoly.sg,SHL,F,3.47,Blk. 486 Jurong St. #12-41
Jolene Akbar,62759,62759@nopoly.sg,STA,F,3.94,Blk. 472 Woodlands Ave. #03-79
Taufiq Obama,66421,66421@nopoly.sg,SHL,M,1.57,Blk. 693 Yishun Rd. #05-80
Evi Carpenter,79756,79756@nopoly.sg,SIT,F,1.24,Blk. 622 Yishun Ave. #02-85
Mary Rios,64283,64283@nopoly.sg,SIT,F,2.53,Blk. 452 Yishun St. #12-63
Sylvia Rios,66859,66859@nopoly.sg,SOH,F,3.42,Blk. 372 Sembawang Rd. #13-31
Lydia Jones,68358,68358@nopoly.sg,STA,F,0.79,Blk. 298 Yishun Ave. #02-38
Lydia Rios,85066,85066@nopoly.sg,SHL,F,2.07,Blk. 789 Marsiling Ave. #02-51
Charles Obama,70779,70779@nopoly.sg,STA,M,0.56,Blk. 728 Woodlands St. #02-78
Greg Miller,64909,64909@nopoly.sg,SOH,M,0.14,Blk. 626 Sembawang Ave. #07-70
Charles Obama,86667,86667@nopoly.sg,SHL,M,1.47,Blk. 945 Admiralty Ave. #01-45
Roy Rios,63764,63764@nopoly.sg,SOH,M,3.54,Blk. 792 Ang Mo Kio Rd. #14-42
Eva Iskandar,86731,86731@nopoly.sg,SHL,F,1.48,Blk. 454 Jurong Rd. #02-60
Louis Akbar,75401,75401@nopoly.sg,SIT,M,1.25,Blk. 616 Admiralty St. #13-63
John Yang,61505,61505@nopoly.sg,SEG,M,3.33,Blk. 845 Ang Mo Kio Rd. #10-83
Anna May,79439,79439@nopoly.sg,SOH,F,2.4,Blk. 342 Tampines Ave. #01-17
Isabel Lim,81934,81934@nopoly.sg,STA,F,0.39,Blk. 594 Admiralty St. #10-65
Greg Miller,64695,64695@nopoly.sg,SIT,M,0.8,Blk. 818 Woodlands St. #15-24
Linda Gonzales,62811,62811@nopoly.sg,SHL,F,3.96,Blk. 665 Tampines Ave. #15-43
Evi Tan,75159,75159@nopoly.sg,SIT,F,1.65,Blk. 623 Woodlands Rd. #05-36
Evi Tay,85347,85347@nopoly.sg,SOH,F,0.2,Blk. 871 Tampines Ave. #04-35
Zul Rios,73026,73026@nopoly.sg,SEG,M,1.78,Blk. 259 Woodlands St. #03-92
Anna Obama,72447,72447@nopoly.sg,STA,F,3.48,Blk. 566 Admiralty Ave. #03-80
Theodore Suleiman,89228,89228@nopoly.sg,SIT,M,3.12,Blk. 967 Yishun Rd. #03-87
Trent Tan,87811,87811@nopoly.sg,SEG,M,1.26,Blk. 788 Tampines St. #01-55
Ray Suleiman,80324,80324@nopoly.sg,SOH,M,3.73,Blk. 292 Marsiling Ave. #06-19
Louis Perez,73416,73416@nopoly.sg,SEG,M,3.45,Blk. 662 Woodlands Rd. #15-52
Isabel Lim,89564,89564@nopoly.sg,SHL,F,1.96,Blk. 411 Jurong St. #12-35
George Suleiman,76150,76150@nopoly.sg,SHL,M,2.13,Blk. 822 Jurong St. #03-63
William Obama,62863,62863@nopoly.sg,SHL,M,3.9,Blk. 139 Marsiling Rd. #03-67
Quentin Carpenter,67916,67916@nopoly.sg,STA,M,0.53,Blk. 797 Admiralty Ave. #10-98
Fatimah Gonzales,67490,67490@nopoly.sg,SEG,F,2.19,Blk. 693 Jurong Ave. #13-68
Lydia Carpenter,65055,65055@nopoly.sg,SOH,F,1.14,Blk. 963 Woodlands St. #03-62
Siti Abdul,72224,72224@nopoly.sg,SHL,F,2.18,Blk. 985 Jurong Rd. #02-10
Mary Rios,88012,88012@nopoly.sg,SHL,F,3.67,Blk. 342 Marsiling St. #03-61
Madison Perez,81975,81975@nopoly.sg,SHL,F,3.37,Blk. 803 Woodlands St. #09-37
Taufiq Tay,61423,61423@nopoly.sg,SIT,M,2.53,Blk. 990 Ang Mo Kio Rd. #11-13
Ray Suleiman,87147,87147@nopoly.sg,SEG,M,0.54,Blk. 400 Marsiling Ave. #13-31
Britney Tay,78919,78919@nopoly.sg,SIT,F,2.2,Blk. 408 Marsiling St. #08-20
Valentino Miller,80785,80785@nopoly.sg,SIT,M,1.27,Blk. 829 Admiralty Ave. #05-63
Louis Rios,74989,74989@nopoly.sg,STA,M,1.92,Blk. 826 Woodlands Rd. #02-95
Steven Carpenter,71567,71567@nopoly.sg,SHL,M,3.86,Blk. 217 Yishun Rd. #12-33
Siti Taylor,74129,74129@nopoly.sg,SOH,F,0.98,Blk. 490 Woodlands St. #14-11
Isabel Carpenter,77345,77345@nopoly.sg,SEG,F,1.13,Blk. 840 Yishun St. #10-74
Peter Miller,73746,73746@nopoly.sg,STA,M,2.84,Blk. 208 Tampines Ave. #16-70
Britney Taylor,72969,72969@nopoly.sg,SEG,F,3,Blk. 693 Admiralty Ave. #03-61
Derek John,61849,61849@nopoly.sg,SHL,M,2.34,Blk. 245 Ang Mo Kio St. #05-96
Eva Abdul,62934,62934@nopoly.sg,SHL,F,3.53,Blk. 487 Jurong St. #09-59
Louis Akbar,67502,67502@nopoly.sg,SEG,M,0.88,Blk. 385 Admiralty Rd. #09-59
Isabel Tay,83492,83492@nopoly.sg,SEG,F,0.53,Blk. 250 Ang Mo Kio St. #01-55
Peter Lam,85017,85017@nopoly.sg,SHL,M,3.83,Blk. 736 Tampines Ave. #03-21
Josephine Lam,70370,70370@nopoly.sg,STA,F,1.43,Blk. 692 Admiralty Ave. #15-23
Valentino Miller,66479,66479@nopoly.sg,SEG,M,0.18,Blk. 349 Tampines St. #04-39
Josephine Jones,63463,63463@nopoly.sg,SEG,F,0.82,Blk. 223 Admiralty Ave. #03-44
Siti Lam,62431,62431@nopoly.sg,SHL,F,2.85,Blk. 172 Tampines Rd. #16-99
Peter Akbar,65846,65846@nopoly.sg,SHL,M,3.18,Blk. 417 Yishun Rd. #02-97
Valerie Smith,78909,78909@nopoly.sg,SOH,F,1.98,Blk. 190 Jurong St. #16-98
Zul Smith,70002,70002@nopoly.sg,STA,M,1.95,Blk. 361 Tampines Ave. #08-93
George Miller,82939,82939@nopoly.sg,STA,M,2.29,Blk. 343 Sembawang Ave. #13-34
Ivy Carpenter,89999,89999@nopoly.sg,SOH,F,1.53,Blk. 424 Marsiling Rd. #13-44
Valentine Jones,69109,69109@nopoly.sg,SEG,F,0.06,Blk. 543 Jurong Rd. #12-19
Trent Tan,81342,81342@nopoly.sg,STA,M,1.79,Blk. 302 Sembawang St. #08-79
Ronald Gonzales,88266,88266@nopoly.sg,SEG,M,3.43,Blk. 309 Woodlands St. #15-76
Paul Obama,79090,79090@nopoly.sg,SOH,M,0.7,Blk. 980 Yishun St. #11-55
Greg Abdul,83742,83742@nopoly.sg,SHL,M,3.02,Blk. 697 Admiralty Rd. #02-16
Paul Obama,79767,79767@nopoly.sg,SOH,M,3.87,Blk. 238 Marsiling Rd. #06-13
Jacob Obama,78474,78474@nopoly.sg,SIT,M,0.67,Blk. 531 Tampines St. #16-47
Steven Iskandar,70375,70375@nopoly.sg,SHL,M,3.59,Blk. 214 Marsiling Rd. #08-98
Salim Obama,78491,78491@nopoly.sg,SIT,M,1.55,Blk. 543 Jurong Ave. #16-74
Ivy Tan,83637,83637@nopoly.sg,STA,F,2.03,Blk. 498 Sembawang Rd. #05-35
William Lim,89401,89401@nopoly.sg,SEG,M,2.76,Blk. 917 Sembawang St. #11-33
Charles Gonzales,86720,86720@nopoly.sg,STA,M,1.81,Blk. 893 Sembawang Ave. #15-43
Melinda Lam,62997,62997@nopoly.sg,SEG,F,0.45,Blk. 816 Yishun Rd. #14-79
Zul Taylor,61397,61397@nopoly.sg,SEG,M,1.23,Blk. 611 Sembawang St. #09-33
Roy Lin,78497,78497@nopoly.sg,SEG,M,3.77,Blk. 998 Yishun Ave. #16-21
Charles Suleiman,80979,80979@nopoly.sg,SEG,M,1.99,Blk. 490 Admiralty St. #04-87
Melinda Lin,78947,78947@nopoly.sg,SEG,F,0.89,Blk. 116 Tampines St. #07-83
Lydia Lin,73783,73783@nopoly.sg,SIT,F,2.67,Blk. 826 Ang Mo Kio Ave. #10-54
Ivy Jones,72412,72412@nopoly.sg,SIT,F,0.78,Blk. 763 Woodlands St. #08-42
Quentin Iskandar,84174,84174@nopoly.sg,SIT,M,0.14,Blk. 491 Sembawang Ave. #06-15
Bob Tan,79143,79143@nopoly.sg,SHL,M,2.2,Blk. 864 Tampines Ave. #16-37
Linda Lin,67602,67602@nopoly.sg,SIT,F,3.65,Blk. 345 Woodlands Rd. #15-41
Anna Lin,89462,89462@nopoly.sg,SHL,F,2.68,Blk. 114 Sembawang Ave. #04-21
John Akbar,78640,78640@nopoly.sg,SOH,M,3.12,Blk. 853 Yishun Ave. #16-42
Eva Zulkarnaen,76950,76950@nopoly.sg,SOH,F,1.58,Blk. 809 Jurong Rd. #04-91
Ray Lim,76095,76095@nopoly.sg,STA,M,1.11,Blk. 966 Admiralty St. #09-85
Isabel Smith,74399,74399@nopoly.sg,SOH,F,1.1,Blk. 892 Admiralty Ave. #15-33
Madison Akbar,62760,62760@nopoly.sg,STA,F,2.7,Blk. 715 Ang Mo Kio Rd. #13-35
Stephen Smith,76278,76278@nopoly.sg,STA,M,2.93,Blk. 345 Ang Mo Kio Rd. #16-79
George Neo,73246,73246@nopoly.sg,STA,M,2.61,Blk. 218 Jurong St. #08-31
Jacob Miller,63013,63013@nopoly.sg,SIT,M,3.36,Blk. 922 Jurong Ave. #11-43
Britney Lam,86978,86978@nopoly.sg,SEG,F,3.81,Blk. 790 Ang Mo Kio Ave. #03-35
Isabel Obama,89707,89707@nopoly.sg,SEG,F,1.61,Blk. 389 Jurong Rd. #07-94
Paul Carpenter,67306,67306@nopoly.sg,STA,M,1.96,Blk. 280 Sembawang Rd. #10-90
Britney Suleiman,85364,85364@nopoly.sg,SHL,F,1.44,Blk. 793 Sembawang St. #09-96
Valentino Yang,73872,73872@nopoly.sg,SEG,M,3.63,Blk. 371 Woodlands St. #15-97
Sylvia Yang,66863,66863@nopoly.sg,SEG,F,1.39,Blk. 384 Yishun Ave. #06-34
Greg Zulkarnaen,79297,79297@nopoly.sg,STA,M,3.32,Blk. 686 Jurong St. #14-56
Elizabeth Lim,83889,83889@nopoly.sg,SEG,F,3.62,Blk. 662 Sembawang St. #06-95
Sylvia May,62578,62578@nopoly.sg,SHL,F,1.75,Blk. 865 Sembawang St. #02-46
Isabel Jones,63098,63098@nopoly.sg,SIT,F,3.04,Blk. 424 Woodlands Rd. #04-89
George Neo,69271,69271@nopoly.sg,SHL,M,1.19,Blk. 212 Marsiling St. #12-83
Hannah May,82581,82581@nopoly.sg,STA,F,0.73,Blk. 753 Woodlands Ave. #06-99
Josephine Gonzales,76066,76066@nopoly.sg,SOH,F,0.48,Blk. 880 Marsiling Ave. #02-55
Otis Smith,80703,80703@nopoly.sg,SOH,M,2.05,Blk. 199 Sembawang Ave. #09-95
Theodore Miller,89055,89055@nopoly.sg,STA,M,3.16,Blk. 932 Ang Mo Kio St. #16-58
Elizabeth Lim,83732,83732@nopoly.sg,SEG,F,1.15,Blk. 405 Woodlands St. #04-68
Linda May,74542,74542@nopoly.sg,STA,F,2.68,Blk. 181 Ang Mo Kio St. #04-78
Jacob Obama,77908,77908@nopoly.sg,SIT,M,0.73,Blk. 655 Admiralty St. #15-55
Derek Akbar,85903,85903@nopoly.sg,SOH,M,0.91,Blk. 975 Ang Mo Kio Rd. #16-95
Theodore May,89550,89550@nopoly.sg,SEG,M,2.05,Blk. 901 Tampines Ave. #08-74
Eva Lin,88254,88254@nopoly.sg,SHL,F,3.02,Blk. 878 Ang Mo Kio Ave. #05-24
Trent Zulkarnaen,89153,89153@nopoly.sg,SOH,M,3.59,Blk. 951 Woodlands Rd. #12-52
Jacob Rios,71268,71268@nopoly.sg,SOH,M,0.74,Blk. 417 Tampines Rd. #05-67
Ike Yang,68241,68241@nopoly.sg,SOH,M,0.59,Blk. 784 Yishun Rd. #02-28
Ronald Suleiman,81014,81014@nopoly.sg,SIT,M,3.29,Blk. 374 Tampines St. #04-45
Ike Taylor,76182,76182@nopoly.sg,SHL,M,0.71,Blk. 907 Jurong Ave. #15-53
Lisa Rios,78125,78125@nopoly.sg,SOH,F,0.75,Blk. 872 Yishun Ave. #10-25
Helen John,67339,67339@nopoly.sg,SIT,F,0.99,Blk. 432 Tampines St. #04-70
Lisa Lam,69508,69508@nopoly.sg,SIT,F,0.38,Blk. 953 Woodlands St. #14-24
Fatimah Akbar,67804,67804@nopoly.sg,SOH,F,0.2,Blk. 680 Jurong St. #01-25
Stephen Obama,81468,81468@nopoly.sg,SIT,M,3.19,Blk. 551 Ang Mo Kio St. #16-87
Ray Abdul,74426,74426@nopoly.sg,STA,M,2.25,Blk. 763 Tampines Ave. #04-69
Mary Tan,89328,89328@nopoly.sg,SEG,F,3.66,Blk. 688 Sembawang St. #08-69
Madison Miller,79979,79979@nopoly.sg,SIT,F,1.74,Blk. 648 Ang Mo Kio Rd. #09-98
Derek Lin,66637,66637@nopoly.sg,STA,M,0.7,Blk. 594 Woodlands Rd. #08-35
George Jones,89871,89871@nopoly.sg,SIT,M,1.51,Blk. 369 Marsiling Ave. #09-89
Lisa Smith,66024,66024@nopoly.sg,SOH,F,0.75,Blk. 382 Tampines Ave. #16-69
Josephine Taylor,88913,88913@nopoly.sg,SIT,F,2.02,Blk. 694 Admiralty Rd. #09-47
Eva Lim,76522,76522@nopoly.sg,SOH,F,0.86,Blk. 625 Yishun Ave. #09-93
George Taylor,61462,61462@nopoly.sg,SIT,M,0.77,Blk. 797 Marsiling St. #05-19
Salim Neo,83845,83845@nopoly.sg,SHL,M,0.73,Blk. 331 Yishun Rd. #10-41
Anna Gonzales,86172,86172@nopoly.sg,SEG,F,2.17,Blk. 987 Woodlands St. #11-46
Trent Suleiman,75336,75336@nopoly.sg,SIT,M,1.75,Blk. 635 Yishun Rd. #15-70
Nathan Tan,76189,76189@nopoly.sg,SOH,M,1.51,Blk. 631 Sembawang Ave. #03-97
Evi Gonzales,66973,66973@nopoly.sg,STA,F,3.88,Blk. 522 Yishun St. #06-27
Valerie Yang,67632,67632@nopoly.sg,SIT,F,3.22,Blk. 470 Tampines St. #13-72
Robert Carpenter,75524,75524@nopoly.sg,SIT,M,1.48,Blk. 751 Yishun Ave. #06-39
Louis Yang,80563,80563@nopoly.sg,SEG,M,1.64,Blk. 484 Jurong St. #06-96
Sylvia Yang,65880,65880@nopoly.sg,SOH,F,1.64,Blk. 187 Admiralty Ave. #09-65
Helen Jones,81944,81944@nopoly.sg,SOH,F,3.86,Blk. 813 Jurong Rd. #10-97
Salim Tan,76910,76910@nopoly.sg,STA,M,2.96,Blk. 548 Jurong St. #06-29
Theodore Rios,66000,66000@nopoly.sg,SEG,M,3.27,Blk. 894 Yishun Rd. #15-44
Fatimah Tan,73567,73567@nopoly.sg,SEG,F,2.34,Blk. 487 Marsiling St. #06-12
Charles Tay,85189,85189@nopoly.sg,SIT,M,2.74,Blk. 937 Woodlands St. #12-35
Valentine Jones,76533,76533@nopoly.sg,SOH,F,3,Blk. 224 Sembawang Ave. #05-46
William Suleiman,71541,71541@nopoly.sg,SIT,M,1.06,Blk. 176 Marsiling St. #14-40
Ike Jones,79473,79473@nopoly.sg,SHL,M,0.78,Blk. 976 Sembawang Rd. #15-45
Valentino Obama,69988,69988@nopoly.sg,SEG,M,1.43,Blk. 662 Yishun Rd. #03-46
John Taylor,88311,88311@nopoly.sg,STA,M,2.77,Blk. 793 Admiralty Rd. #09-98
Taufiq Rios,76432,76432@nopoly.sg,SEG,M,0.26,Blk. 752 Jurong Rd. #11-86
Bob Tan,86472,86472@nopoly.sg,SOH,M,3.67,Blk. 705 Ang Mo Kio Rd. #11-54
Derek Neo,61541,61541@nopoly.sg,SOH,M,3.81,Blk. 611 Jurong Rd. #12-35
Greg Lim,84281,84281@nopoly.sg,STA,M,2.76,Blk. 890 Woodlands Rd. #06-65
Ike Gonzales,72045,72045@nopoly.sg,SEG,M,3.21,Blk. 367 Marsiling St. #12-79
Trent Perez,67662,67662@nopoly.sg,SHL,M,0.23,Blk. 212 Marsiling Rd. #08-20
Josephine Tan,69153,69153@nopoly.sg,STA,F,0.3,Blk. 820 Ang Mo Kio Rd. #07-35
Mary Jones,78242,78242@nopoly.sg,SIT,F,0.03,Blk. 178 Marsiling Ave. #12-33
Derek May,69252,69252@nopoly.sg,STA,M,0.09,Blk. 721 Admiralty Ave. #16-30
Paul Akbar,84702,84702@nopoly.sg,SIT,M,1.86,Blk. 592 Tampines Rd. #11-22
Otis Rios,61667,61667@nopoly.sg,STA,M,1.91,Blk. 745 Jurong St. #02-78
Eva Jones,83197,83197@nopoly.sg,STA,F,3.16,Blk. 641 Jurong Rd. #11-13
Stephen Yang,84613,84613@nopoly.sg,SOH,M,0.46,Blk. 171 Tampines Rd. #05-12
William Lim,84463,84463@nopoly.sg,SHL,M,1.38,Blk. 380 Woodlands St. #10-90
Trent Abdul,72085,72085@nopoly.sg,SOH,M,1.34,Blk. 912 Admiralty Ave. #01-89
Valentine Carpenter,83232,83232@nopoly.sg,STA,F,0.35,Blk. 422 Admiralty Ave. #06-43
Peter Tan,72110,72110@nopoly.sg,SHL,M,3.57,Blk. 873 Woodlands St. #10-48
Josephine Taylor,62259,62259@nopoly.sg,SHL,F,2.35,Blk. 285 Woodlands Ave. #06-13
Mary Rios,73042,73042@nopoly.sg,SOH,F,2.01,Blk. 448 Woodlands Rd. #07-83
Paul Rios,74790,74790@nopoly.sg,SEG,M,1.97,Blk. 818 Tampines St. #12-48
Hannah Smith,78063,78063@nopoly.sg,SIT,F,0.87,Blk. 355 Jurong Ave. #15-51
Derek Zulkarnaen,81343,81343@nopoly.sg,SEG,M,0.69,Blk. 678 Marsiling Ave. #12-36
Zul Smith,86900,86900@nopoly.sg,SOH,M,1.18,Blk. 447 Yishun Ave. #08-95
Valentine Gonzales,72065,72065@nopoly.sg,STA,F,2.34,Blk. 735 Woodlands Ave. #01-34
Isabel John,70744,70744@nopoly.sg,SIT,F,0.5,Blk. 942 Ang Mo Kio Ave. #09-48
Britney Zulkarnaen,65808,65808@nopoly.sg,SOH,F,1.31,Blk. 309 Admiralty St. #11-75
Quentin Miller,63531,63531@nopoly.sg,SEG,M,1.13,Blk. 712 Marsiling Rd. #10-61
Fatimah Smith,81461,81461@nopoly.sg,SIT,F,3.67,Blk. 195 Jurong Rd. #10-82
Stephen John,82297,82297@nopoly.sg,SOH,M,3.92,Blk. 787 Jurong St. #12-71
Hannah Suleiman,83083,83083@nopoly.sg,SHL,F,1.26,Blk. 682 Marsiling Rd. #07-19
Ivy Rios,61836,61836@nopoly.sg,SOH,F,3.94,Blk. 436 Tampines St. #04-52
Paul Lam,85583,85583@nopoly.sg,SEG,M,2.39,Blk. 752 Tampines Rd. #05-33
Ike Suleiman,69512,69512@nopoly.sg,SEG,M,1.3,Blk. 504 Woodlands St. #06-44
Madison Gonzales,82149,82149@nopoly.sg,SIT,F,3.83,Blk. 109 Admiralty Ave. #15-33
Jacob Miller,68108,68108@nopoly.sg,SOH,M,0.24,Blk. 103 Ang Mo Kio Ave. #14-88
Steven Jones,74329,74329@nopoly.sg,SHL,M,3.42,Blk. 764 Yishun St. #10-86
Robert Lim,62034,62034@nopoly.sg,SHL,M,0.28,Blk. 176 Ang Mo Kio Ave. #10-72
Evi Smith,77636,77636@nopoly.sg,SEG,F,2.64,Blk. 100 Sembawang St. #07-99
Valentino Miller,76046,76046@nopoly.sg,SIT,M,2.3,Blk. 886 Woodlands Rd. #15-82
John Neo,71632,71632@nopoly.sg,SOH,M,1.96,Blk. 399 Marsiling Rd. #12-67
Derek Rios,88805,88805@nopoly.sg,SIT,M,3.51,Blk. 467 Jurong St. #10-27
Robert Akbar,83849,83849@nopoly.sg,SOH,M,1.6,Blk. 857 Sembawang Rd. #01-17
Quentin Rios,87773,87773@nopoly.sg,SHL,M,1.56,Blk. 314 Yishun Ave. #14-22
George Smith,70365,70365@nopoly.sg,STA,M,2.66,Blk. 330 Admiralty Ave. #11-23
John Tay,66392,66392@nopoly.sg,SIT,M,0.27,Blk. 642 Ang Mo Kio Ave. #04-55
Charles Perez,80120,80120@nopoly.sg,SOH,M,2.52,Blk. 883 Ang Mo Kio Ave. #04-31
Britney Akbar,80952,80952@nopoly.sg,SEG,F,2.03,Blk. 557 Yishun St. #01-84
Helen May,72508,72508@nopoly.sg,SHL,F,3.18,Blk. 245 Woodlands St. #15-26
Quentin Abdul,71094,71094@nopoly.sg,SOH,M,3.92,Blk. 184 Ang Mo Kio Ave. #01-17
Nathan Rios,88331,88331@nopoly.sg,SEG,M,0.55,Blk. 285 Admiralty Ave. #03-88
Louis Lam,81158,81158@nopoly.sg,SEG,M,1.41,Blk. 246 Yishun Rd. #14-38
Stephen Lim,63358,63358@nopoly.sg,SOH,M,2.86,Blk. 261 Sembawang Ave. #03-55
Siti Jones,65645,65645@nopoly.sg,SOH,F,3.16,Blk. 366 Marsiling Rd. #13-69
Ray Zulkarnaen,88677,88677@nopoly.sg,STA,M,1.7,Blk. 479 Ang Mo Kio Ave. #15-32
Salim Lim,87321,87321@nopoly.sg,SIT,M,3.37,Blk. 802 Marsiling Rd. #03-77
Isabel Akbar,85883,85883@nopoly.sg,SEG,F,1.17,Blk. 241 Ang Mo Kio Rd. #05-42
John Obama,67327,67327@nopoly.sg,SHL,M,0.29,Blk. 442 Woodlands St. #05-48
Eva Suleiman,62990,62990@nopoly.sg,SHL,F,0.83,Blk. 862 Admiralty Rd. #07-57
Derek Iskandar,76186,76186@nopoly.sg,STA,M,2.54,Blk. 856 Jurong Rd. #16-75
Ronald Smith,72653,72653@nopoly.sg,SHL,M,1.58,Blk. 261 Jurong St. #06-64
Lydia Suleiman,75642,75642@nopoly.sg,SHL,F,3.62,Blk. 862 Tampines St. #03-20
Ike Obama,88005,88005@nopoly.sg,SEG,M,3.77,Blk. 962 Marsiling Rd. #03-19
Elizabeth Akbar,86827,86827@nopoly.sg,SIT,F,2.89,Blk. 402 Jurong St. #05-26
Lisa John,63277,63277@nopoly.sg,SIT,F,3.15,Blk. 382 Ang Mo Kio Ave. #13-83
Greg Akbar,62491,62491@nopoly.sg,STA,M,2.7,Blk. 802 Marsiling Ave. #06-36
Lisa Lim,73696,73696@nopoly.sg,SEG,F,0.7,Blk. 756 Admiralty St. #16-85
Mary Gonzales,76463,76463@nopoly.sg,SOH,F,2.5,Blk. 594 Tampines Rd. #11-64
Peter Tay,88561,88561@nopoly.sg,STA,M,2.54,Blk. 260 Woodlands St. #10-69
Ray Lam,67423,67423@nopoly.sg,SEG,M,3.05,Blk. 145 Sembawang Rd. #07-29
Valentine Tan,72269,72269@nopoly.sg,SEG,F,3.26,Blk. 544 Tampines Rd. #07-72
Hannah Lin,72990,72990@nopoly.sg,STA,F,2.93,Blk. 891 Jurong St. #01-60
Madison John,66915,66915@nopoly.sg,SEG,F,0.49,Blk. 756 Tampines Ave. #09-22
William Tan,63305,63305@nopoly.sg,SIT,M,2.75,Blk. 683 Admiralty Ave. #08-38
Jolene Iskandar,66934,66934@nopoly.sg,SHL,F,3.83,Blk. 747 Admiralty St. #13-89
Theodore Abdul,73990,73990@nopoly.sg,SIT,M,2.58,Blk. 759 Ang Mo Kio Ave. #01-69
Valerie Lam,76368,76368@nopoly.sg,SHL,F,1.04,Blk. 968 Ang Mo Kio Rd. #13-57
Salim Zulkarnaen,78361,78361@nopoly.sg,SEG,M,3.07,Blk. 177 Admiralty St. #10-78
Britney Lim,81811,81811@nopoly.sg,STA,F,2.57,Blk. 859 Yishun Rd. #11-21
Britney Lam,86586,86586@nopoly.sg,SOH,F,2.79,Blk. 500 Admiralty Rd. #15-88
Linda May,85997,85997@nopoly.sg,STA,F,2.09,Blk. 942 Ang Mo Kio Ave. #11-97
Nathan Gonzales,67154,67154@nopoly.sg,SIT,M,1.55,Blk. 750 Woodlands St. #02-17
Derek Carpenter,71888,71888@nopoly.sg,SIT,M,2.99,Blk. 808 Ang Mo Kio Ave. #10-57
Anna Rios,76977,76977@nopoly.sg,SEG,F,2.14,Blk. 241 Sembawang St. #09-95
Jolene Lam,66734,66734@nopoly.sg,SOH,F,1.33,Blk. 457 Sembawang St. #09-75
Ray Lim,62271,62271@nopoly.sg,SEG,M,3.27,Blk. 366 Tampines Rd. #05-57
Fatimah Carpenter,80699,80699@nopoly.sg,SOH,F,1.86,Blk. 963 Ang Mo Kio St. #05-83
Jonah Carpenter,62731,62731@nopoly.sg,STA,M,0.89,Blk. 970 Ang Mo Kio Rd. #11-68
Stephanie Zulkarnaen,77053,77053@nopoly.sg,SEG,F,3.06,Blk. 884 Ang Mo Kio Ave. #05-34
Ray Yang,63916,63916@nopoly.sg,STA,M,3.48,Blk. 677 Tampines Ave. #12-70
John Lin,76142,76142@nopoly.sg,SIT,M,0.52,Blk. 338 Woodlands Rd. #11-75
Valentino Zulkarnaen,64676,64676@nopoly.sg,SHL,M,2.96,Blk. 334 Marsiling Rd. #07-90
Jacob Rios,75409,75409@nopoly.sg,SEG,M,1.5,Blk. 845 Jurong Rd. #03-97
Valerie Akbar,72505,72505@nopoly.sg,SIT,F,0.63,Blk. 204 Sembawang St. #10-24
Eva Lin,75683,75683@nopoly.sg,SIT,F,2.71,Blk. 909 Yishun Ave. #11-43
Jacob Tan,67739,67739@nopoly.sg,SHL,M,2.21,Blk. 511 Sembawang St. #01-63
Otis Abdul,66726,66726@nopoly.sg,SHL,M,1.27,Blk. 176 Woodlands Ave. #16-98
Trent Neo,69306,69306@nopoly.sg,STA,M,0.9,Blk. 295 Admiralty St. #01-56
Valerie Lin,77011,77011@nopoly.sg,SEG,F,1.52,Blk. 186 Woodlands St. #03-57
Louis Gonzales,77901,77901@nopoly.sg,STA,M,3.6,Blk. 993 Woodlands St. #01-17
Derek Akbar,73410,73410@nopoly.sg,SIT,M,2.95,Blk. 256 Admiralty Rd. #08-53
Ike Gonzales,82174,82174@nopoly.sg,SIT,M,0.59,Blk. 142 Woodlands St. #01-48
Fatimah Akbar,80141,80141@nopoly.sg,STA,F,2.22,Blk. 264 Jurong Ave. #05-79
Ronald Suleiman,62663,62663@nopoly.sg,SOH,M,2.38,Blk. 967 Ang Mo Kio Ave. #01-16
Jacob Rios,61507,61507@nopoly.sg,STA,M,0.69,Blk. 262 Jurong St. #13-91
Trent Jones,81009,81009@nopoly.sg,SHL,M,2.84,Blk. 930 Sembawang St. #04-31
Steven Lim,85650,85650@nopoly.sg,SIT,M,0.65,Blk. 119 Sembawang Rd. #10-34
John Neo,84486,84486@nopoly.sg,SHL,M,2.73,Blk. 570 Admiralty St. #12-24
Robert Lin,70107,70107@nopoly.sg,STA,M,0.17,Blk. 761 Woodlands Rd. #10-37
Fatimah Obama,86562,86562@nopoly.sg,SOH,F,0.89,Blk. 973 Marsiling St. #06-39
Ivy Tay,68724,68724@nopoly.sg,SIT,F,2.31,Blk. 646 Woodlands Rd. #16-96
Theodore Jones,87339,87339@nopoly.sg,SOH,M,3.3,Blk. 844 Marsiling St. #02-24
Valerie Taylor,77570,77570@nopoly.sg,SHL,F,2.69,Blk. 557 Jurong Rd. #11-79
Stephanie Abdul,66678,66678@nopoly.sg,SIT,F,2.76,Blk. 122 Admiralty Rd. #07-58
Valerie Obama,87771,87771@nopoly.sg,SIT,F,1.46,Blk. 356 Sembawang Ave. #03-35
Britney Miller,79295,79295@nopoly.sg,SIT,F,2.53,Blk. 376 Ang Mo Kio Ave. #13-42
Zul Neo,81844,81844@nopoly.sg,SHL,M,1.55,Blk. 967 Yishun Rd. #03-52
Jonah John,78627,78627@nopoly.sg,SEG,M,3.64,Blk. 514 Sembawang Rd. #02-93
William Tay,85052,85052@nopoly.sg,SOH,M,2.57,Blk. 816 Yishun Rd. #12-85
Ray Carpenter,78893,78893@nopoly.sg,SHL,M,1.26,Blk. 461 Yishun Rd. #09-87
Ray Gonzales,70161,70161@nopoly.sg,STA,M,1.2,Blk. 776 Jurong St. #02-80
Roy Akbar,84540,84540@nopoly.sg,SHL,M,3.26,Blk. 513 Jurong St. #02-13
Derek Perez,62572,62572@nopoly.sg,SOH,M,2.11,Blk. 271 Admiralty Ave. #08-98
Taufiq Neo,82777,82777@nopoly.sg,SIT,M,1.42,Blk. 898 Ang Mo Kio Ave. #14-51
Linda Taylor,68107,68107@nopoly.sg,SIT,F,2.26,Blk. 144 Ang Mo Kio St. #15-60
Ray Carpenter,88184,88184@nopoly.sg,SEG,M,2.42,Blk. 398 Marsiling Rd. #06-93
Valentino Lam,65104,65104@nopoly.sg,SHL,M,1.08,Blk. 398 Ang Mo Kio Rd. #09-39
Jacob Taylor,76028,76028@nopoly.sg,SIT,M,2.63,Blk. 553 Marsiling Rd. #09-60
Ike Akbar,73519,73519@nopoly.sg,SHL,M,1.24,Blk. 393 Sembawang Ave. #03-83
Ike Tay,87934,87934@nopoly.sg,STA,M,0.37,Blk. 203 Yishun Rd. #04-83
Louis Tan,82777,82777@nopoly.sg,SIT,M,2.44,Blk. 693 Marsiling Rd. #07-53
Josephine Zulkarnaen,70788,70788@nopoly.sg,STA,F,1.22,Blk. 989 Sembawang Ave. #14-48
Nathan Akbar,89335,89335@nopoly.sg,SOH,M,2.32,Blk. 108 Ang Mo Kio St. #03-52
Eva May,86325,86325@nopoly.sg,STA,F,2.06,Blk. 828 Admiralty Ave. #05-46
Valentino Lam,70494,70494@nopoly.sg,STA,M,0.5,Blk. 538 Tampines Ave. #04-28
Paul Obama,71167,71167@nopoly.sg,SIT,M,3.18,Blk. 261 Woodlands St. #15-49
George Gonzales,84599,84599@nopoly.sg,STA,M,2.33,Blk. 637 Tampines Ave. #06-42
Ivy Rios,72655,72655@nopoly.sg,SHL,F,2.33,Blk. 223 Yishun Rd. #16-88
Zul May,78341,78341@nopoly.sg,SOH,M,3.18,Blk. 466 Woodlands Rd. #03-11
Charles Yang,74569,74569@nopoly.sg,SHL,M,3.74,Blk. 681 Marsiling St. #08-39
Louis Akbar,75138,75138@nopoly.sg,SOH,M,3.06,Blk. 943 Admiralty Rd. #02-36
Ronald Lin,85237,85237@nopoly.sg,SHL,M,2.03,Blk. 940 Admiralty Rd. #06-79
Louis Zulkarnaen,72622,72622@nopoly.sg,SEG,M,3.07,Blk. 921 Tampines Ave. #15-43
Ray Iskandar,75673,75673@nopoly.sg,SIT,M,3.87,Blk. 249 Admiralty Ave. #10-30
Peter Lam,64382,64382@nopoly.sg,SIT,M,0.51,Blk. 914 Tampines St. #12-49
Siti Zulkarnaen,78806,78806@nopoly.sg,SOH,F,2.35,Blk. 507 Tampines Rd. #02-52
Stephen Tan,73516,73516@nopoly.sg,SEG,M,2.03,Blk. 236 Sembawang Ave. #05-94
Derek Lim,62313,62313@nopoly.sg,SEG,M,3.46,Blk. 241 Sembawang Rd. #10-70
Elizabeth Suleiman,74177,74177@nopoly.sg,STA,F,2.34,Blk. 587 Jurong Rd. #07-55
Anna May,80578,80578@nopoly.sg,STA,F,3.13,Blk. 930 Jurong Rd. #04-20
Valentine Perez,81261,81261@nopoly.sg,STA,F,3.78,Blk. 898 Ang Mo Kio Ave. #09-96
Linda Smith,61871,61871@nopoly.sg,STA,F,2.99,Blk. 364 Sembawang Rd. #03-99
Helen Tan,62141,62141@nopoly.sg,STA,F,2.73,Blk. 114 Tampines Rd. #13-85
Elizabeth Gonzales,67460,67460@nopoly.sg,STA,F,0,Blk. 688 Tampines Ave. #15-89
Britney Yang,75513,75513@nopoly.sg,SHL,F,2.15,Blk. 418 Ang Mo Kio St. #02-68
George Jones,87294,87294@nopoly.sg,SHL,M,3.01,Blk. 801 Woodlands St. #01-65
Robert Lin,71782,71782@nopoly.sg,STA,M,3.7,Blk. 570 Woodlands St. #05-67
Zul Jones,67986,67986@nopoly.sg,STA,M,1.08,Blk. 925 Sembawang Rd. #13-62
Taufiq Neo,82369,82369@nopoly.sg,SOH,M,1.16,Blk. 702 Sembawang St. #04-61
Lisa Lin,74306,74306@nopoly.sg,SHL,F,1.14,Blk. 416 Yishun St. #06-77
Ivy Akbar,83566,83566@nopoly.sg,SOH,F,3.33,Blk. 667 Woodlands Rd. #13-70
Theodore Akbar,76692,76692@nopoly.sg,SEG,M,1.12,Blk. 753 Jurong St. #14-13
Eva Gonzales,66767,66767@nopoly.sg,SOH,F,0.26,Blk. 843 Ang Mo Kio Ave. #10-78
Eva Akbar,68888,68888@nopoly.sg,SEG,F,2.44,Blk. 372 Marsiling Rd. #16-97
William Taylor,79960,79960@nopoly.sg,SHL,M,2.98,Blk. 305 Yishun St. #06-91
Steven Iskandar,83016,83016@nopoly.sg,SIT,M,1.78,Blk. 755 Ang Mo Kio St. #02-48
Derek Smith,76803,76803@nopoly.sg,SIT,M,3.57,Blk. 222 Sembawang Rd. #14-88
Anna May,62485,62485@nopoly.sg,SEG,F,1.72,Blk. 275 Admiralty Ave. #13-99
Charles Taylor,73243,73243@nopoly.sg,SIT,M,0.74,Blk. 747 Tampines Ave. #01-88
Valerie Akbar,63982,63982@nopoly.sg,SHL,F,1.52,Blk. 818 Woodlands St. #07-87
Sylvia Neo,68301,68301@nopoly.sg,SIT,F,0.88,Blk. 688 Ang Mo Kio Rd. #11-48
Josephine Lin,83714,83714@nopoly.sg,SIT,F,2.33,Blk. 329 Admiralty Rd. #10-92
Jonah Taylor,86805,86805@nopoly.sg,SIT,M,1.11,Blk. 433 Marsiling Rd. #05-91
Otis Obama,79826,79826@nopoly.sg,SIT,M,0.01,Blk. 248 Jurong Ave. #10-53
John Iskandar,79673,79673@nopoly.sg,SEG,M,2.73,Blk. 268 Sembawang Rd. #08-12
Siti Suleiman,70463,70463@nopoly.sg,SIT,F,2.36,Blk. 758 Jurong Rd. #07-13
Stephen Rios,74249,74249@nopoly.sg,SOH,M,2.93,Blk. 786 Admiralty Ave. #16-69
Derek Zulkarnaen,89945,89945@nopoly.sg,SIT,M,3.91,Blk. 163 Jurong St. #08-24
